from,to
0,1
0,2
1,3
1,4
2,4
2,5
3,6
3,7
4,7
4,8
5,8
5,9
6,10
6,11
7,11
7,12
8,12
8,13
9,13
9,14
10,15
10,16
11,16
11,17
12,17
12,18
13,18
13,19
14,19
14,20
15,21
15,22
16,22
16,23
17,23
17,24
18,24
18,25
19,25
19,26
20,26
20,27
21,28
21,29
22,29
22,30
23,30
23,31
24,31
24,32
25,32
25,33
26,33
26,34
27,34
27,35
28,36
28,37
29,37
29,38
30,38
30,39
31,39
31,40
32,40
32,41
33,41
33,42
34,42
34,43
35,43
35,44
36,45
36,46
37,46
37,47
38,47
38,48
39,48
39,49
40,49
40,50
41,50
41,51
42,51
42,52
43,52
43,53
44,53
44,54
45,55
45,56
46,56
46,57
47,57
47,58
48,58
48,59
49,59
49,60
50,60
50,61
51,61
51,62
52,62
52,63
53,63
53,64
54,64
54,65
55,66
55,67
56,67
56,68
57,68
57,69
58,69
58,70
59,70
59,71
60,71
60,72
61,72
61,73
62,73
62,74
63,74
63,75
64,75
64,76
65,76
65,77
66,78
66,79
67,79
67,80
68,80
68,81
69,81
69,82
70,82
70,83
71,83
71,84
72,84
72,85
73,85
73,86
74,86
74,87
75,87
75,88
76,88
76,89
77,89
77,90
78,91
78,92
79,92
79,93
80,93
80,94
81,94
81,95
82,95
82,96
83,96
83,97
84,97
84,98
85,98
85,99
86,99
86,100
87,100
87,101
88,101
88,102
89,102
89,103
90,103
90,104
91,105
91,106
92,106
92,107
93,107
93,108
94,108
94,109
95,109
95,110
96,110
96,111
97,111
97,112
98,112
98,113
99,113
99,114
100,114
100,115
101,115
101,116
102,116
102,117
103,117
103,118
104,118
104,119
105,120
105,121
106,121
106,122
107,122
107,123
108,123
108,124
109,124
109,125
110,125
110,126
111,126
111,127
112,127
112,128
113,128
113,129
114,129
114,130
115,130
115,131
116,131
116,132
117,132
117,133
118,133
118,134
119,134
119,135
120,136
120,137
121,137
121,138
122,138
122,139
123,139
123,140
124,140
124,141
125,141
125,142
126,142
126,143
127,143
127,144
128,144
128,145
129,145
129,146
130,146
130,147
131,147
131,148
132,148
132,149
133,149
133,150
134,150
134,151
135,151
135,152
136,153
136,154
137,154
137,155
138,155
138,156
139,156
139,157
140,157
140,158
141,158
141,159
142,159
142,160
143,160
143,161
144,161
144,162
145,162
145,163
146,163
146,164
147,164
147,165
148,165
148,166
149,166
149,167
150,167
150,168
151,168
151,169
152,169
152,170
153,171
153,172
154,172
154,173
155,173
155,174
156,174
156,175
157,175
157,176
158,176
158,177
159,177
159,178
160,178
160,179
161,179
161,180
162,180
162,181
163,181
163,182
164,182
164,183
165,183
165,184
166,184
166,185
167,185
167,186
168,186
168,187
169,187
169,188
170,188
170,189
171,190
171,191
172,191
172,192
173,192
173,193
174,193
174,194
175,194
175,195
176,195
176,196
177,196
177,197
178,197
178,198
179,198
179,199
180,199
180,200
181,200
181,201
182,201
182,202
183,202
183,203
184,203
184,204
185,204
185,205
186,205
186,206
187,206
187,207
188,207
188,208
189,208
189,209
190,210
190,211
191,211
191,212
192,212
192,213
193,213
193,214
194,214
194,215
195,215
195,216
196,216
196,217
197,217
197,218
198,218
198,219
199,219
199,220
200,220
200,221
201,221
201,222
202,222
202,223
203,223
203,224
204,224
204,225
205,225
205,226
206,226
206,227
207,227
207,228
208,228
208,229
209,229
209,230
210,231
210,232
211,232
211,233
212,233
212,234
213,234
213,235
214,235
214,236
215,236
215,237
216,237
216,238
217,238
217,239
218,239
218,240
219,240
219,241
220,241
220,242
221,242
221,243
222,243
222,244
223,244
223,245
224,245
224,246
225,246
225,247
226,247
226,248
227,248
227,249
228,249
228,250
229,250
229,251
230,251
230,252
231,253
231,254
232,254
232,255
233,255
233,256
234,256
234,257
235,257
235,258
236,258
236,259
237,259
237,260
238,260
238,261
239,261
239,262
240,262
240,263
241,263
241,264
242,264
242,265
243,265
243,266
244,266
244,267
245,267
245,268
246,268
246,269
247,269
247,270
248,270
248,271
249,271
249,272
250,272
250,273
251,273
251,274
252,274
252,275
253,276
253,277
254,277
254,278
255,278
255,279
256,279
256,280
257,280
257,281
258,281
258,282
259,282
259,283
260,283
260,284
261,284
261,285
262,285
262,286
263,286
263,287
264,287
264,288
265,288
265,289
266,289
266,290
267,290
267,291
268,291
268,292
269,292
269,293
270,293
270,294
271,294
271,295
272,295
272,296
273,296
273,297
274,297
274,298
275,298
275,299
276,300
276,301
277,301
277,302
278,302
278,303
279,303
279,304
280,304
280,305
281,305
281,306
282,306
282,307
283,307
283,308
284,308
284,309
285,309
285,310
286,310
286,311
287,311
287,312
288,312
288,313
289,313
289,314
290,314
290,315
291,315
291,316
292,316
292,317
293,317
293,318
294,318
294,319
295,319
295,320
296,320
296,321
297,321
297,322
298,322
298,323
299,323
299,324
300,325
300,326
301,326
301,327
302,327
302,328
303,328
303,329
304,329
304,330
305,330
305,331
306,331
306,332
307,332
307,333
308,333
308,334
309,334
309,335
310,335
310,336
311,336
311,337
312,337
312,338
313,338
313,339
314,339
314,340
315,340
315,341
316,341
316,342
317,342
317,343
318,343
318,344
319,344
319,345
320,345
320,346
321,346
321,347
322,347
322,348
323,348
323,349
324,349
324,350
325,351
325,352
326,352
326,353
327,353
327,354
328,354
328,355
329,355
329,356
330,356
330,357
331,357
331,358
332,358
332,359
333,359
333,360
334,360
334,361
335,361
335,362
336,362
336,363
337,363
337,364
338,364
338,365
339,365
339,366
340,366
340,367
341,367
341,368
342,368
342,369
343,369
343,370
344,370
344,371
345,371
345,372
346,372
346,373
347,373
347,374
348,374
348,375
349,375
349,376
350,376
350,377
351,378
351,379
352,379
352,380
353,380
353,381
354,381
354,382
355,382
355,383
356,383
356,384
357,384
357,385
358,385
358,386
359,386
359,387
360,387
360,388
361,388
361,389
362,389
362,390
363,390
363,391
364,391
364,392
365,392
365,393
366,393
366,394
367,394
367,395
368,395
368,396
369,396
369,397
370,397
370,398
371,398
371,399
372,399
372,400
373,400
373,401
374,401
374,402
375,402
375,403
376,403
376,404
377,404
377,405
378,406
378,407
379,407
379,408
380,408
380,409
381,409
381,410
382,410
382,411
383,411
383,412
384,412
384,413
385,413
385,414
386,414
386,415
387,415
387,416
388,416
388,417
389,417
389,418
390,418
390,419
391,419
391,420
392,420
392,421
393,421
393,422
394,422
394,423
395,423
395,424
396,424
396,425
397,425
397,426
398,426
398,427
399,427
399,428
400,428
400,429
401,429
401,430
402,430
402,431
403,431
403,432
404,432
404,433
405,433
405,434
406,435
406,436
407,436
407,437
408,437
408,438
409,438
409,439
410,439
410,440
411,440
411,441
412,441
412,442
413,442
413,443
414,443
414,444
415,444
415,445
416,445
416,446
417,446
417,447
418,447
418,448
419,448
419,449
420,449
420,450
421,450
421,451
422,451
422,452
423,452
423,453
424,453
424,454
425,454
425,455
426,455
426,456
427,456
427,457
428,457
428,458
429,458
429,459
430,459
430,460
431,460
431,461
432,461
432,462
433,462
433,463
434,463
434,464
435,465
435,466
436,466
436,467
437,467
437,468
438,468
438,469
439,469
439,470
440,470
440,471
441,471
441,472
442,472
442,473
443,473
443,474
444,474
444,475
445,475
445,476
446,476
446,477
447,477
447,478
448,478
448,479
449,479
449,480
450,480
450,481
451,481
451,482
452,482
452,483
453,483
453,484
454,484
454,485
455,485
455,486
456,486
456,487
457,487
457,488
458,488
458,489
459,489
459,490
460,490
460,491
461,491
461,492
462,492
462,493
463,493
463,494
464,494
464,495
465,496
465,497
466,497
466,498
467,498
467,499
468,499
468,500
469,500
469,501
470,501
470,502
471,502
471,503
472,503
472,504
473,504
473,505
474,505
474,506
475,506
475,507
476,507
476,508
477,508
477,509
478,509
478,510
479,510
479,511
480,511
480,512
481,512
481,513
482,513
482,514
483,514
483,515
484,515
484,516
485,516
485,517
486,517
486,518
487,518
487,519
488,519
488,520
489,520
489,521
490,521
490,522
491,522
491,523
492,523
492,524
493,524
493,525
494,525
494,526
495,526
495,527
496,528
496,529
497,529
497,530
498,530
498,531
499,531
499,532
500,532
500,533
501,533
501,534
502,534
502,535
503,535
503,536
504,536
504,537
505,537
505,538
506,538
506,539
507,539
507,540
508,540
508,541
509,541
509,542
510,542
510,543
511,543
511,544
512,544
512,545
513,545
513,546
514,546
514,547
515,547
515,548
516,548
516,549
517,549
517,550
518,550
518,551
519,551
519,552
520,552
520,553
521,553
521,554
522,554
522,555
523,555
523,556
524,556
524,557
525,557
525,558
526,558
526,559
527,559
527,560
528,561
528,562
529,562
529,563
530,563
530,564
531,564
531,565
532,565
532,566
533,566
533,567
534,567
534,568
535,568
535,569
536,569
536,570
537,570
537,571
538,571
538,572
539,572
539,573
540,573
540,574
541,574
541,575
542,575
542,576
543,576
543,577
544,577
544,578
545,578
545,579
546,579
546,580
547,580
547,581
548,581
548,582
549,582
549,583
550,583
550,584
551,584
551,585
552,585
552,586
553,586
553,587
554,587
554,588
555,588
555,589
556,589
556,590
557,590
557,591
558,591
558,592
559,592
559,593
560,593
560,594
561,595
561,596
562,596
562,597
563,597
563,598
564,598
564,599
565,599
565,600
566,600
566,601
567,601
567,602
568,602
568,603
569,603
569,604
570,604
570,605
571,605
571,606
572,606
572,607
573,607
573,608
574,608
574,609
575,609
575,610
576,610
576,611
577,611
577,612
578,612
578,613
579,613
579,614
580,614
580,615
581,615
581,616
582,616
582,617
583,617
583,618
584,618
584,619
585,619
585,620
586,620
586,621
587,621
587,622
588,622
588,623
589,623
589,624
590,624
590,625
591,625
591,626
592,626
592,627
593,627
593,628
594,628
594,629
595,630
595,631
596,631
596,632
597,632
597,633
598,633
598,634
599,634
599,635
600,635
600,636
601,636
601,637
602,637
602,638
603,638
603,639
604,639
604,640
605,640
605,641
606,641
606,642
607,642
607,643
608,643
608,644
609,644
609,645
610,645
610,646
611,646
611,647
612,647
612,648
613,648
613,649
614,649
614,650
615,650
615,651
616,651
616,652
617,652
617,653
618,653
618,654
619,654
619,655
620,655
620,656
621,656
621,657
622,657
622,658
623,658
623,659
624,659
624,660
625,660
625,661
626,661
626,662
627,662
627,663
628,663
628,664
629,664
629,665
630,666
630,667
631,667
631,668
632,668
632,669
633,669
633,670
634,670
634,671
635,671
635,672
636,672
636,673
637,673
637,674
638,674
638,675
639,675
639,676
640,676
640,677
641,677
641,678
642,678
642,679
643,679
643,680
644,680
644,681
645,681
645,682
646,682
646,683
647,683
647,684
648,684
648,685
649,685
649,686
650,686
650,687
651,687
651,688
652,688
652,689
653,689
653,690
654,690
654,691
655,691
655,692
656,692
656,693
657,693
657,694
658,694
658,695
659,695
659,696
660,696
660,697
661,697
661,698
662,698
662,699
663,699
663,700
664,700
664,701
665,701
665,702
666,703
666,704
667,704
667,705
668,705
668,706
669,706
669,707
670,707
670,708
671,708
671,709
672,709
672,710
673,710
673,711
674,711
674,712
675,712
675,713
676,713
676,714
677,714
677,715
678,715
678,716
679,716
679,717
680,717
680,718
681,718
681,719
682,719
682,720
683,720
683,721
684,721
684,722
685,722
685,723
686,723
686,724
687,724
687,725
688,725
688,726
689,726
689,727
690,727
690,728
691,728
691,729
692,729
692,730
693,730
693,731
694,731
694,732
695,732
695,733
696,733
696,734
697,734
697,735
698,735
698,736
699,736
699,737
700,737
700,738
701,738
701,739
702,739
702,740
703,741
703,742
704,742
704,743
705,743
705,744
706,744
706,745
707,745
707,746
708,746
708,747
709,747
709,748
710,748
710,749
711,749
711,750
712,750
712,751
713,751
713,752
714,752
714,753
715,753
715,754
716,754
716,755
717,755
717,756
718,756
718,757
719,757
719,758
720,758
720,759
721,759
721,760
722,760
722,761
723,761
723,762
724,762
724,763
725,763
725,764
726,764
726,765
727,765
727,766
728,766
728,767
729,767
729,768
730,768
730,769
731,769
731,770
732,770
732,771
733,771
733,772
734,772
734,773
735,773
735,774
736,774
736,775
737,775
737,776
738,776
738,777
739,777
739,778
740,778
740,779
741,780
741,781
742,781
742,782
743,782
743,783
744,783
744,784
745,784
745,785
746,785
746,786
747,786
747,787
748,787
748,788
749,788
749,789
750,789
750,790
751,790
751,791
752,791
752,792
753,792
753,793
754,793
754,794
755,794
755,795
756,795
756,796
757,796
757,797
758,797
758,798
759,798
759,799
760,799
760,800
761,800
761,801
762,801
762,802
763,802
763,803
764,803
764,804
765,804
765,805
766,805
766,806
767,806
767,807
768,807
768,808
769,808
769,809
770,809
770,810
771,810
771,811
772,811
772,812
773,812
773,813
774,813
774,814
775,814
775,815
776,815
776,816
777,816
777,817
778,817
778,818
779,818
779,819
780,820
780,821
781,821
781,822
782,822
782,823
783,823
783,824
784,824
784,825
785,825
785,826
786,826
786,827
787,827
787,828
788,828
788,829
789,829
789,830
790,830
790,831
791,831
791,832
792,832
792,833
793,833
793,834
794,834
794,835
795,835
795,836
796,836
796,837
797,837
797,838
798,838
798,839
799,839
799,840
800,840
800,841
801,841
801,842
802,842
802,843
803,843
803,844
804,844
804,845
805,845
805,846
806,846
806,847
807,847
807,848
808,848
808,849
809,849
809,850
810,850
810,851
811,851
811,852
812,852
812,853
813,853
813,854
814,854
814,855
815,855
815,856
816,856
816,857
817,857
817,858
818,858
818,859
819,859
819,860
820,861
820,862
821,862
821,863
822,863
822,864
823,864
823,865
824,865
824,866
825,866
825,867
826,867
826,868
827,868
827,869
828,869
828,870
829,870
829,871
830,871
830,872
831,872
831,873
832,873
832,874
833,874
833,875
834,875
834,876
835,876
835,877
836,877
836,878
837,878
837,879
838,879
838,880
839,880
839,881
840,881
840,882
841,882
841,883
842,883
842,884
843,884
843,885
844,885
844,886
845,886
845,887
846,887
846,888
847,888
847,889
848,889
848,890
849,890
849,891
850,891
850,892
851,892
851,893
852,893
852,894
853,894
853,895
854,895
854,896
855,896
855,897
856,897
856,898
857,898
857,899
858,899
858,900
859,900
859,901
860,901
860,902
861,903
861,904
862,904
862,905
863,905
863,906
864,906
864,907
865,907
865,908
866,908
866,909
867,909
867,910
868,910
868,911
869,911
869,912
870,912
870,913
871,913
871,914
872,914
872,915
873,915
873,916
874,916
874,917
875,917
875,918
876,918
876,919
877,919
877,920
878,920
878,921
879,921
879,922
880,922
880,923
881,923
881,924
882,924
882,925
883,925
883,926
884,926
884,927
885,927
885,928
886,928
886,929
887,929
887,930
888,930
888,931
889,931
889,932
890,932
890,933
891,933
891,934
892,934
892,935
893,935
893,936
894,936
894,937
895,937
895,938
896,938
896,939
897,939
897,940
898,940
898,941
899,941
899,942
900,942
900,943
901,943
901,944
902,944
902,945
903,946
903,947
904,947
904,948
905,948
905,949
906,949
906,950
907,950
907,951
908,951
908,952
909,952
909,953
910,953
910,954
911,954
911,955
912,955
912,956
913,956
913,957
914,957
914,958
915,958
915,959
916,959
916,960
917,960
917,961
918,961
918,962
919,962
919,963
920,963
920,964
921,964
921,965
922,965
922,966
923,966
923,967
924,967
924,968
925,968
925,969
926,969
926,970
927,970
927,971
928,971
928,972
929,972
929,973
930,973
930,974
931,974
931,975
932,975
932,976
933,976
933,977
934,977
934,978
935,978
935,979
936,979
936,980
937,980
937,981
938,981
938,982
939,982
939,983
940,983
940,984
941,984
941,985
942,985
942,986
943,986
943,987
944,987
944,988
945,988
945,989
946,990
946,991
947,991
947,992
948,992
948,993
949,993
949,994
950,994
950,995
951,995
951,996
952,996
952,997
953,997
953,998
954,998
954,999
955,999
955,1000
956,1000
956,1001
957,1001
957,1002
958,1002
958,1003
959,1003
959,1004
960,1004
960,1005
961,1005
961,1006
962,1006
962,1007
963,1007
963,1008
964,1008
964,1009
965,1009
965,1010
966,1010
966,1011
967,1011
967,1012
968,1012
968,1013
969,1013
969,1014
970,1014
970,1015
971,1015
971,1016
972,1016
972,1017
973,1017
973,1018
974,1018
974,1019
975,1019
975,1020
976,1020
976,1021
977,1021
977,1022
978,1022
978,1023
979,1023
979,1024
980,1024
980,1025
981,1025
981,1026
982,1026
982,1027
983,1027
983,1028
984,1028
984,1029
985,1029
985,1030
986,1030
986,1031
987,1031
987,1032
988,1032
988,1033
989,1033
989,1034
990,1035
990,1036
991,1036
991,1037
992,1037
992,1038
993,1038
993,1039
994,1039
994,1040
995,1040
995,1041
996,1041
996,1042
997,1042
997,1043
998,1043
998,1044
999,1044
999,1045
1000,1045
1000,1046
1001,1046
1001,1047
1002,1047
1002,1048
1003,1048
1003,1049
1004,1049
1004,1050
1005,1050
1005,1051
1006,1051
1006,1052
1007,1052
1007,1053
1008,1053
1008,1054
1009,1054
1009,1055
1010,1055
1010,1056
1011,1056
1011,1057
1012,1057
1012,1058
1013,1058
1013,1059
1014,1059
1014,1060
1015,1060
1015,1061
1016,1061
1016,1062
1017,1062
1017,1063
1018,1063
1018,1064
1019,1064
1019,1065
1020,1065
1020,1066
1021,1066
1021,1067
1022,1067
1022,1068
1023,1068
1023,1069
1024,1069
1024,1070
1025,1070
1025,1071
1026,1071
1026,1072
1027,1072
1027,1073
1028,1073
1028,1074
1029,1074
1029,1075
1030,1075
1030,1076
1031,1076
1031,1077
1032,1077
1032,1078
1033,1078
1033,1079
1034,1079
1034,1080
1035,1081
1035,1082
1036,1082
1036,1083
1037,1083
1037,1084
1038,1084
1038,1085
1039,1085
1039,1086
1040,1086
1040,1087
1041,1087
1041,1088
1042,1088
1042,1089
1043,1089
1043,1090
1044,1090
1044,1091
1045,1091
1045,1092
1046,1092
1046,1093
1047,1093
1047,1094
1048,1094
1048,1095
1049,1095
1049,1096
1050,1096
1050,1097
1051,1097
1051,1098
1052,1098
1052,1099
1053,1099
1053,1100
1054,1100
1054,1101
1055,1101
1055,1102
1056,1102
1056,1103
1057,1103
1057,1104
1058,1104
1058,1105
1059,1105
1059,1106
1060,1106
1060,1107
1061,1107
1061,1108
1062,1108
1062,1109
1063,1109
1063,1110
1064,1110
1064,1111
1065,1111
1065,1112
1066,1112
1066,1113
1067,1113
1067,1114
1068,1114
1068,1115
1069,1115
1069,1116
1070,1116
1070,1117
1071,1117
1071,1118
1072,1118
1072,1119
1073,1119
1073,1120
1074,1120
1074,1121
1075,1121
1075,1122
1076,1122
1076,1123
1077,1123
1077,1124
1078,1124
1078,1125
1079,1125
1079,1126
1080,1126
1080,1127
1081,1128
1081,1129
1082,1129
1082,1130
1083,1130
1083,1131
1084,1131
1084,1132
1085,1132
1085,1133
1086,1133
1086,1134
1087,1134
1087,1135
1088,1135
1088,1136
1089,1136
1089,1137
1090,1137
1090,1138
1091,1138
1091,1139
1092,1139
1092,1140
1093,1140
1093,1141
1094,1141
1094,1142
1095,1142
1095,1143
1096,1143
1096,1144
1097,1144
1097,1145
1098,1145
1098,1146
1099,1146
1099,1147
1100,1147
1100,1148
1101,1148
1101,1149
1102,1149
1102,1150
1103,1150
1103,1151
1104,1151
1104,1152
1105,1152
1105,1153
1106,1153
1106,1154
1107,1154
1107,1155
1108,1155
1108,1156
1109,1156
1109,1157
1110,1157
1110,1158
1111,1158
1111,1159
1112,1159
1112,1160
1113,1160
1113,1161
1114,1161
1114,1162
1115,1162
1115,1163
1116,1163
1116,1164
1117,1164
1117,1165
1118,1165
1118,1166
1119,1166
1119,1167
1120,1167
1120,1168
1121,1168
1121,1169
1122,1169
1122,1170
1123,1170
1123,1171
1124,1171
1124,1172
1125,1172
1125,1173
1126,1173
1126,1174
1127,1174
1127,1175
1128,1176
1128,1177
1129,1177
1129,1178
1130,1178
1130,1179
1131,1179
1131,1180
1132,1180
1132,1181
1133,1181
1133,1182
1134,1182
1134,1183
1135,1183
1135,1184
1136,1184
1136,1185
1137,1185
1137,1186
1138,1186
1138,1187
1139,1187
1139,1188
1140,1188
1140,1189
1141,1189
1141,1190
1142,1190
1142,1191
1143,1191
1143,1192
1144,1192
1144,1193
1145,1193
1145,1194
1146,1194
1146,1195
1147,1195
1147,1196
1148,1196
1148,1197
1149,1197
1149,1198
1150,1198
1150,1199
1151,1199
1151,1200
1152,1200
1152,1201
1153,1201
1153,1202
1154,1202
1154,1203
1155,1203
1155,1204
1156,1204
1156,1205
1157,1205
1157,1206
1158,1206
1158,1207
1159,1207
1159,1208
1160,1208
1160,1209
1161,1209
1161,1210
1162,1210
1162,1211
1163,1211
1163,1212
1164,1212
1164,1213
1165,1213
1165,1214
1166,1214
1166,1215
1167,1215
1167,1216
1168,1216
1168,1217
1169,1217
1169,1218
1170,1218
1170,1219
1171,1219
1171,1220
1172,1220
1172,1221
1173,1221
1173,1222
1174,1222
1174,1223
1175,1223
1175,1224
1176,1225
1176,1226
1177,1226
1177,1227
1178,1227
1178,1228
1179,1228
1179,1229
1180,1229
1180,1230
1181,1230
1181,1231
1182,1231
1182,1232
1183,1232
1183,1233
1184,1233
1184,1234
1185,1234
1185,1235
1186,1235
1186,1236
1187,1236
1187,1237
1188,1237
1188,1238
1189,1238
1189,1239
1190,1239
1190,1240
1191,1240
1191,1241
1192,1241
1192,1242
1193,1242
1193,1243
1194,1243
1194,1244
1195,1244
1195,1245
1196,1245
1196,1246
1197,1246
1197,1247
1198,1247
1198,1248
1199,1248
1199,1249
1200,1249
1200,1250
1201,1250
1201,1251
1202,1251
1202,1252
1203,1252
1203,1253
1204,1253
1204,1254
1205,1254
1205,1255
1206,1255
1206,1256
1207,1256
1207,1257
1208,1257
1208,1258
1209,1258
1209,1259
1210,1259
1210,1260
1211,1260
1211,1261
1212,1261
1212,1262
1213,1262
1213,1263
1214,1263
1214,1264
1215,1264
1215,1265
1216,1265
1216,1266
1217,1266
1217,1267
1218,1267
1218,1268
1219,1268
1219,1269
1220,1269
1220,1270
1221,1270
1221,1271
1222,1271
1222,1272
1223,1272
1223,1273
1224,1273
1224,1274
1225,1275
1225,1276
1226,1276
1226,1277
1227,1277
1227,1278
1228,1278
1228,1279
1229,1279
1229,1280
1230,1280
1230,1281
1231,1281
1231,1282
1232,1282
1232,1283
1233,1283
1233,1284
1234,1284
1234,1285
1235,1285
1235,1286
1236,1286
1236,1287
1237,1287
1237,1288
1238,1288
1238,1289
1239,1289
1239,1290
1240,1290
1240,1291
1241,1291
1241,1292
1242,1292
1242,1293
1243,1293
1243,1294
1244,1294
1244,1295
1245,1295
1245,1296
1246,1296
1246,1297
1247,1297
1247,1298
1248,1298
1248,1299
1249,1299
1249,1300
1250,1300
1250,1301
1251,1301
1251,1302
1252,1302
1252,1303
1253,1303
1253,1304
1254,1304
1254,1305
1255,1305
1255,1306
1256,1306
1256,1307
1257,1307
1257,1308
1258,1308
1258,1309
1259,1309
1259,1310
1260,1310
1260,1311
1261,1311
1261,1312
1262,1312
1262,1313
1263,1313
1263,1314
1264,1314
1264,1315
1265,1315
1265,1316
1266,1316
1266,1317
1267,1317
1267,1318
1268,1318
1268,1319
1269,1319
1269,1320
1270,1320
1270,1321
1271,1321
1271,1322
1272,1322
1272,1323
1273,1323
1273,1324
1274,1324
1274,1325
1275,1326
1275,1327
1276,1327
1276,1328
1277,1328
1277,1329
1278,1329
1278,1330
1279,1330
1279,1331
1280,1331
1280,1332
1281,1332
1281,1333
1282,1333
1282,1334
1283,1334
1283,1335
1284,1335
1284,1336
1285,1336
1285,1337
1286,1337
1286,1338
1287,1338
1287,1339
1288,1339
1288,1340
1289,1340
1289,1341
1290,1341
1290,1342
1291,1342
1291,1343
1292,1343
1292,1344
1293,1344
1293,1345
1294,1345
1294,1346
1295,1346
1295,1347
1296,1347
1296,1348
1297,1348
1297,1349
1298,1349
1298,1350
1299,1350
1299,1351
1300,1351
1300,1352
1301,1352
1301,1353
1302,1353
1302,1354
1303,1354
1303,1355
1304,1355
1304,1356
1305,1356
1305,1357
1306,1357
1306,1358
1307,1358
1307,1359
1308,1359
1308,1360
1309,1360
1309,1361
1310,1361
1310,1362
1311,1362
1311,1363
1312,1363
1312,1364
1313,1364
1313,1365
1314,1365
1314,1366
1315,1366
1315,1367
1316,1367
1316,1368
1317,1368
1317,1369
1318,1369
1318,1370
1319,1370
1319,1371
1320,1371
1320,1372
1321,1372
1321,1373
1322,1373
1322,1374
1323,1374
1323,1375
1324,1375
1324,1376
1325,1376
1325,1377
1326,1378
1326,1379
1327,1379
1327,1380
1328,1380
1328,1381
1329,1381
1329,1382
1330,1382
1330,1383
1331,1383
1331,1384
1332,1384
1332,1385
1333,1385
1333,1386
1334,1386
1334,1387
1335,1387
1335,1388
1336,1388
1336,1389
1337,1389
1337,1390
1338,1390
1338,1391
1339,1391
1339,1392
1340,1392
1340,1393
1341,1393
1341,1394
1342,1394
1342,1395
1343,1395
1343,1396
1344,1396
1344,1397
1345,1397
1345,1398
1346,1398
1346,1399
1347,1399
1347,1400
1348,1400
1348,1401
1349,1401
1349,1402
1350,1402
1350,1403
1351,1403
1351,1404
1352,1404
1352,1405
1353,1405
1353,1406
1354,1406
1354,1407
1355,1407
1355,1408
1356,1408
1356,1409
1357,1409
1357,1410
1358,1410
1358,1411
1359,1411
1359,1412
1360,1412
1360,1413
1361,1413
1361,1414
1362,1414
1362,1415
1363,1415
1363,1416
1364,1416
1364,1417
1365,1417
1365,1418
1366,1418
1366,1419
1367,1419
1367,1420
1368,1420
1368,1421
1369,1421
1369,1422
1370,1422
1370,1423
1371,1423
1371,1424
1372,1424
1372,1425
1373,1425
1373,1426
1374,1426
1374,1427
1375,1427
1375,1428
1376,1428
1376,1429
1377,1429
1377,1430
1378,1431
1378,1432
1379,1432
1379,1433
1380,1433
1380,1434
1381,1434
1381,1435
1382,1435
1382,1436
1383,1436
1383,1437
1384,1437
1384,1438
1385,1438
1385,1439
1386,1439
1386,1440
1387,1440
1387,1441
1388,1441
1388,1442
1389,1442
1389,1443
1390,1443
1390,1444
1391,1444
1391,1445
1392,1445
1392,1446
1393,1446
1393,1447
1394,1447
1394,1448
1395,1448
1395,1449
1396,1449
1396,1450
1397,1450
1397,1451
1398,1451
1398,1452
1399,1452
1399,1453
1400,1453
1400,1454
1401,1454
1401,1455
1402,1455
1402,1456
1403,1456
1403,1457
1404,1457
1404,1458
1405,1458
1405,1459
1406,1459
1406,1460
1407,1460
1407,1461
1408,1461
1408,1462
1409,1462
1409,1463
1410,1463
1410,1464
1411,1464
1411,1465
1412,1465
1412,1466
1413,1466
1413,1467
1414,1467
1414,1468
1415,1468
1415,1469
1416,1469
1416,1470
1417,1470
1417,1471
1418,1471
1418,1472
1419,1472
1419,1473
1420,1473
1420,1474
1421,1474
1421,1475
1422,1475
1422,1476
1423,1476
1423,1477
1424,1477
1424,1478
1425,1478
1425,1479
1426,1479
1426,1480
1427,1480
1427,1481
1428,1481
1428,1482
1429,1482
1429,1483
1430,1483
1430,1484
1431,1485
1431,1486
1432,1486
1432,1487
1433,1487
1433,1488
1434,1488
1434,1489
1435,1489
1435,1490
1436,1490
1436,1491
1437,1491
1437,1492
1438,1492
1438,1493
1439,1493
1439,1494
1440,1494
1440,1495
1441,1495
1441,1496
1442,1496
1442,1497
1443,1497
1443,1498
1444,1498
1444,1499
1445,1499
1445,1500
1446,1500
1446,1501
1447,1501
1447,1502
1448,1502
1448,1503
1449,1503
1449,1504
1450,1504
1450,1505
1451,1505
1451,1506
1452,1506
1452,1507
1453,1507
1453,1508
1454,1508
1454,1509
1455,1509
1455,1510
1456,1510
1456,1511
1457,1511
1457,1512
1458,1512
1458,1513
1459,1513
1459,1514
1460,1514
1460,1515
1461,1515
1461,1516
1462,1516
1462,1517
1463,1517
1463,1518
1464,1518
1464,1519
1465,1519
1465,1520
1466,1520
1466,1521
1467,1521
1467,1522
1468,1522
1468,1523
1469,1523
1469,1524
1470,1524
1470,1525
1471,1525
1471,1526
1472,1526
1472,1527
1473,1527
1473,1528
1474,1528
1474,1529
1475,1529
1475,1530
1476,1530
1476,1531
1477,1531
1477,1532
1478,1532
1478,1533
1479,1533
1479,1534
1480,1534
1480,1535
1481,1535
1481,1536
1482,1536
1482,1537
1483,1537
1483,1538
1484,1538
1484,1539
1485,1540
1485,1541
1486,1541
1486,1542
1487,1542
1487,1543
1488,1543
1488,1544
1489,1544
1489,1545
1490,1545
1490,1546
1491,1546
1491,1547
1492,1547
1492,1548
1493,1548
1493,1549
1494,1549
1494,1550
1495,1550
1495,1551
1496,1551
1496,1552
1497,1552
1497,1553
1498,1553
1498,1554
1499,1554
1499,1555
1500,1555
1500,1556
1501,1556
1501,1557
1502,1557
1502,1558
1503,1558
1503,1559
1504,1559
1504,1560
1505,1560
1505,1561
1506,1561
1506,1562
1507,1562
1507,1563
1508,1563
1508,1564
1509,1564
1509,1565
1510,1565
1510,1566
1511,1566
1511,1567
1512,1567
1512,1568
1513,1568
1513,1569
1514,1569
1514,1570
1515,1570
1515,1571
1516,1571
1516,1572
1517,1572
1517,1573
1518,1573
1518,1574
1519,1574
1519,1575
1520,1575
1520,1576
1521,1576
1521,1577
1522,1577
1522,1578
1523,1578
1523,1579
1524,1579
1524,1580
1525,1580
1525,1581
1526,1581
1526,1582
1527,1582
1527,1583
1528,1583
1528,1584
1529,1584
1529,1585
1530,1585
1530,1586
1531,1586
1531,1587
1532,1587
1532,1588
1533,1588
1533,1589
1534,1589
1534,1590
1535,1590
1535,1591
1536,1591
1536,1592
1537,1592
1537,1593
1538,1593
1538,1594
1539,1594
1539,1595
1540,1596
1540,1597
1541,1597
1541,1598
1542,1598
1542,1599
1543,1599
1543,1600
1544,1600
1544,1601
1545,1601
1545,1602
1546,1602
1546,1603
1547,1603
1547,1604
1548,1604
1548,1605
1549,1605
1549,1606
1550,1606
1550,1607
1551,1607
1551,1608
1552,1608
1552,1609
1553,1609
1553,1610
1554,1610
1554,1611
1555,1611
1555,1612
1556,1612
1556,1613
1557,1613
1557,1614
1558,1614
1558,1615
1559,1615
1559,1616
1560,1616
1560,1617
1561,1617
1561,1618
1562,1618
1562,1619
1563,1619
1563,1620
1564,1620
1564,1621
1565,1621
1565,1622
1566,1622
1566,1623
1567,1623
1567,1624
1568,1624
1568,1625
1569,1625
1569,1626
1570,1626
1570,1627
1571,1627
1571,1628
1572,1628
1572,1629
1573,1629
1573,1630
1574,1630
1574,1631
1575,1631
1575,1632
1576,1632
1576,1633
1577,1633
1577,1634
1578,1634
1578,1635
1579,1635
1579,1636
1580,1636
1580,1637
1581,1637
1581,1638
1582,1638
1582,1639
1583,1639
1583,1640
1584,1640
1584,1641
1585,1641
1585,1642
1586,1642
1586,1643
1587,1643
1587,1644
1588,1644
1588,1645
1589,1645
1589,1646
1590,1646
1590,1647
1591,1647
1591,1648
1592,1648
1592,1649
1593,1649
1593,1650
1594,1650
1594,1651
1595,1651
1595,1652
1596,1653
1596,1654
1597,1654
1597,1655
1598,1655
1598,1656
1599,1656
1599,1657
1600,1657
1600,1658
1601,1658
1601,1659
1602,1659
1602,1660
1603,1660
1603,1661
1604,1661
1604,1662
1605,1662
1605,1663
1606,1663
1606,1664
1607,1664
1607,1665
1608,1665
1608,1666
1609,1666
1609,1667
1610,1667
1610,1668
1611,1668
1611,1669
1612,1669
1612,1670
1613,1670
1613,1671
1614,1671
1614,1672
1615,1672
1615,1673
1616,1673
1616,1674
1617,1674
1617,1675
1618,1675
1618,1676
1619,1676
1619,1677
1620,1677
1620,1678
1621,1678
1621,1679
1622,1679
1622,1680
1623,1680
1623,1681
1624,1681
1624,1682
1625,1682
1625,1683
1626,1683
1626,1684
1627,1684
1627,1685
1628,1685
1628,1686
1629,1686
1629,1687
1630,1687
1630,1688
1631,1688
1631,1689
1632,1689
1632,1690
1633,1690
1633,1691
1634,1691
1634,1692
1635,1692
1635,1693
1636,1693
1636,1694
1637,1694
1637,1695
1638,1695
1638,1696
1639,1696
1639,1697
1640,1697
1640,1698
1641,1698
1641,1699
1642,1699
1642,1700
1643,1700
1643,1701
1644,1701
1644,1702
1645,1702
1645,1703
1646,1703
1646,1704
1647,1704
1647,1705
1648,1705
1648,1706
1649,1706
1649,1707
1650,1707
1650,1708
1651,1708
1651,1709
1652,1709
1652,1710
1653,1711
1653,1712
1654,1712
1654,1713
1655,1713
1655,1714
1656,1714
1656,1715
1657,1715
1657,1716
1658,1716
1658,1717
1659,1717
1659,1718
1660,1718
1660,1719
1661,1719
1661,1720
1662,1720
1662,1721
1663,1721
1663,1722
1664,1722
1664,1723
1665,1723
1665,1724
1666,1724
1666,1725
1667,1725
1667,1726
1668,1726
1668,1727
1669,1727
1669,1728
1670,1728
1670,1729
1671,1729
1671,1730
1672,1730
1672,1731
1673,1731
1673,1732
1674,1732
1674,1733
1675,1733
1675,1734
1676,1734
1676,1735
1677,1735
1677,1736
1678,1736
1678,1737
1679,1737
1679,1738
1680,1738
1680,1739
1681,1739
1681,1740
1682,1740
1682,1741
1683,1741
1683,1742
1684,1742
1684,1743
1685,1743
1685,1744
1686,1744
1686,1745
1687,1745
1687,1746
1688,1746
1688,1747
1689,1747
1689,1748
1690,1748
1690,1749
1691,1749
1691,1750
1692,1750
1692,1751
1693,1751
1693,1752
1694,1752
1694,1753
1695,1753
1695,1754
1696,1754
1696,1755
1697,1755
1697,1756
1698,1756
1698,1757
1699,1757
1699,1758
1700,1758
1700,1759
1701,1759
1701,1760
1702,1760
1702,1761
1703,1761
1703,1762
1704,1762
1704,1763
1705,1763
1705,1764
1706,1764
1706,1765
1707,1765
1707,1766
1708,1766
1708,1767
1709,1767
1709,1768
1710,1768
1710,1769
1711,1770
1711,1771
1712,1771
1712,1772
1713,1772
1713,1773
1714,1773
1714,1774
1715,1774
1715,1775
1716,1775
1716,1776
1717,1776
1717,1777
1718,1777
1718,1778
1719,1778
1719,1779
1720,1779
1720,1780
1721,1780
1721,1781
1722,1781
1722,1782
1723,1782
1723,1783
1724,1783
1724,1784
1725,1784
1725,1785
1726,1785
1726,1786
1727,1786
1727,1787
1728,1787
1728,1788
1729,1788
1729,1789
1730,1789
1730,1790
1731,1790
1731,1791
1732,1791
1732,1792
1733,1792
1733,1793
1734,1793
1734,1794
1735,1794
1735,1795
1736,1795
1736,1796
1737,1796
1737,1797
1738,1797
1738,1798
1739,1798
1739,1799
1740,1799
1740,1800
1741,1800
1741,1801
1742,1801
1742,1802
1743,1802
1743,1803
1744,1803
1744,1804
1745,1804
1745,1805
1746,1805
1746,1806
1747,1806
1747,1807
1748,1807
1748,1808
1749,1808
1749,1809
1750,1809
1750,1810
1751,1810
1751,1811
1752,1811
1752,1812
1753,1812
1753,1813
1754,1813
1754,1814
1755,1814
1755,1815
1756,1815
1756,1816
1757,1816
1757,1817
1758,1817
1758,1818
1759,1818
1759,1819
1760,1819
1760,1820
1761,1820
1761,1821
1762,1821
1762,1822
1763,1822
1763,1823
1764,1823
1764,1824
1765,1824
1765,1825
1766,1825
1766,1826
1767,1826
1767,1827
1768,1827
1768,1828
1769,1828
1769,1829
1770,1830
1770,1831
1771,1831
1771,1832
1772,1832
1772,1833
1773,1833
1773,1834
1774,1834
1774,1835
1775,1835
1775,1836
1776,1836
1776,1837
1777,1837
1777,1838
1778,1838
1778,1839
1779,1839
1779,1840
1780,1840
1780,1841
1781,1841
1781,1842
1782,1842
1782,1843
1783,1843
1783,1844
1784,1844
1784,1845
1785,1845
1785,1846
1786,1846
1786,1847
1787,1847
1787,1848
1788,1848
1788,1849
1789,1849
1789,1850
1790,1850
1790,1851
1791,1851
1791,1852
1792,1852
1792,1853
1793,1853
1793,1854
1794,1854
1794,1855
1795,1855
1795,1856
1796,1856
1796,1857
1797,1857
1797,1858
1798,1858
1798,1859
1799,1859
1799,1860
1800,1860
1800,1861
1801,1861
1801,1862
1802,1862
1802,1863
1803,1863
1803,1864
1804,1864
1804,1865
1805,1865
1805,1866
1806,1866
1806,1867
1807,1867
1807,1868
1808,1868
1808,1869
1809,1869
1809,1870
1810,1870
1810,1871
1811,1871
1811,1872
1812,1872
1812,1873
1813,1873
1813,1874
1814,1874
1814,1875
1815,1875
1815,1876
1816,1876
1816,1877
1817,1877
1817,1878
1818,1878
1818,1879
1819,1879
1819,1880
1820,1880
1820,1881
1821,1881
1821,1882
1822,1882
1822,1883
1823,1883
1823,1884
1824,1884
1824,1885
1825,1885
1825,1886
1826,1886
1826,1887
1827,1887
1827,1888
1828,1888
1828,1889
1829,1889
1829,1890
1830,1891
1830,1892
1831,1892
1831,1893
1832,1893
1832,1894
1833,1894
1833,1895
1834,1895
1834,1896
1835,1896
1835,1897
1836,1897
1836,1898
1837,1898
1837,1899
1838,1899
1838,1900
1839,1900
1839,1901
1840,1901
1840,1902
1841,1902
1841,1903
1842,1903
1842,1904
1843,1904
1843,1905
1844,1905
1844,1906
1845,1906
1845,1907
1846,1907
1846,1908
1847,1908
1847,1909
1848,1909
1848,1910
1849,1910
1849,1911
1850,1911
1850,1912
1851,1912
1851,1913
1852,1913
1852,1914
1853,1914
1853,1915
1854,1915
1854,1916
1855,1916
1855,1917
1856,1917
1856,1918
1857,1918
1857,1919
1858,1919
1858,1920
1859,1920
1859,1921
1860,1921
1860,1922
1861,1922
1861,1923
1862,1923
1862,1924
1863,1924
1863,1925
1864,1925
1864,1926
1865,1926
1865,1927
1866,1927
1866,1928
1867,1928
1867,1929
1868,1929
1868,1930
1869,1930
1869,1931
1870,1931
1870,1932
1871,1932
1871,1933
1872,1933
1872,1934
1873,1934
1873,1935
1874,1935
1874,1936
1875,1936
1875,1937
1876,1937
1876,1938
1877,1938
1877,1939
1878,1939
1878,1940
1879,1940
1879,1941
1880,1941
1880,1942
1881,1942
1881,1943
1882,1943
1882,1944
1883,1944
1883,1945
1884,1945
1884,1946
1885,1946
1885,1947
1886,1947
1886,1948
1887,1948
1887,1949
1888,1949
1888,1950
1889,1950
1889,1951
1890,1951
1890,1952
1891,1953
1891,1954
1892,1954
1892,1955
1893,1955
1893,1956
1894,1956
1894,1957
1895,1957
1895,1958
1896,1958
1896,1959
1897,1959
1897,1960
1898,1960
1898,1961
1899,1961
1899,1962
1900,1962
1900,1963
1901,1963
1901,1964
1902,1964
1902,1965
1903,1965
1903,1966
1904,1966
1904,1967
1905,1967
1905,1968
1906,1968
1906,1969
1907,1969
1907,1970
1908,1970
1908,1971
1909,1971
1909,1972
1910,1972
1910,1973
1911,1973
1911,1974
1912,1974
1912,1975
1913,1975
1913,1976
1914,1976
1914,1977
1915,1977
1915,1978
1916,1978
1916,1979
1917,1979
1917,1980
1918,1980
1918,1981
1919,1981
1919,1982
1920,1982
1920,1983
1921,1983
1921,1984
1922,1984
1922,1985
1923,1985
1923,1986
1924,1986
1924,1987
1925,1987
1925,1988
1926,1988
1926,1989
1927,1989
1927,1990
1928,1990
1928,1991
1929,1991
1929,1992
1930,1992
1930,1993
1931,1993
1931,1994
1932,1994
1932,1995
1933,1995
1933,1996
1934,1996
1934,1997
1935,1997
1935,1998
1936,1998
1936,1999
1937,1999
1937,2000
1938,2000
1938,2001
1939,2001
1939,2002
1940,2002
1940,2003
1941,2003
1941,2004
1942,2004
1942,2005
1943,2005
1943,2006
1944,2006
1944,2007
1945,2007
1945,2008
1946,2008
1946,2009
1947,2009
1947,2010
1948,2010
1948,2011
1949,2011
1949,2012
1950,2012
1950,2013
1951,2013
1951,2014
1952,2014
1952,2015
1953,2016
1953,2017
1954,2017
1954,2018
1955,2018
1955,2019
1956,2019
1956,2020
1957,2020
1957,2021
1958,2021
1958,2022
1959,2022
1959,2023
1960,2023
1960,2024
1961,2024
1961,2025
1962,2025
1962,2026
1963,2026
1963,2027
1964,2027
1964,2028
1965,2028
1965,2029
1966,2029
1966,2030
1967,2030
1967,2031
1968,2031
1968,2032
1969,2032
1969,2033
1970,2033
1970,2034
1971,2034
1971,2035
1972,2035
1972,2036
1973,2036
1973,2037
1974,2037
1974,2038
1975,2038
1975,2039
1976,2039
1976,2040
1977,2040
1977,2041
1978,2041
1978,2042
1979,2042
1979,2043
1980,2043
1980,2044
1981,2044
1981,2045
1982,2045
1982,2046
1983,2046
1983,2047
1984,2047
1984,2048
1985,2048
1985,2049
1986,2049
1986,2050
1987,2050
1987,2051
1988,2051
1988,2052
1989,2052
1989,2053
1990,2053
1990,2054
1991,2054
1991,2055
1992,2055
1992,2056
1993,2056
1993,2057
1994,2057
1994,2058
1995,2058
1995,2059
1996,2059
1996,2060
1997,2060
1997,2061
1998,2061
1998,2062
1999,2062
1999,2063
2000,2063
2000,2064
2001,2064
2001,2065
2002,2065
2002,2066
2003,2066
2003,2067
2004,2067
2004,2068
2005,2068
2005,2069
2006,2069
2006,2070
2007,2070
2007,2071
2008,2071
2008,2072
2009,2072
2009,2073
2010,2073
2010,2074
2011,2074
2011,2075
2012,2075
2012,2076
2013,2076
2013,2077
2014,2077
2014,2078
2015,2078
2015,2079
2016,2080
2016,2081
2017,2081
2017,2082
2018,2082
2018,2083
2019,2083
2019,2084
2020,2084
2020,2085
2021,2085
2021,2086
2022,2086
2022,2087
2023,2087
2023,2088
2024,2088
2024,2089
2025,2089
2025,2090
2026,2090
2026,2091
2027,2091
2027,2092
2028,2092
2028,2093
2029,2093
2029,2094
2030,2094
2030,2095
2031,2095
2031,2096
2032,2096
2032,2097
2033,2097
2033,2098
2034,2098
2034,2099
2035,2099
2035,2100
2036,2100
2036,2101
2037,2101
2037,2102
2038,2102
2038,2103
2039,2103
2039,2104
2040,2104
2040,2105
2041,2105
2041,2106
2042,2106
2042,2107
2043,2107
2043,2108
2044,2108
2044,2109
2045,2109
2045,2110
2046,2110
2046,2111
2047,2111
2047,2112
2048,2112
2048,2113
2049,2113
2049,2114
2050,2114
2050,2115
2051,2115
2051,2116
2052,2116
2052,2117
2053,2117
2053,2118
2054,2118
2054,2119
2055,2119
2055,2120
2056,2120
2056,2121
2057,2121
2057,2122
2058,2122
2058,2123
2059,2123
2059,2124
2060,2124
2060,2125
2061,2125
2061,2126
2062,2126
2062,2127
2063,2127
2063,2128
2064,2128
2064,2129
2065,2129
2065,2130
2066,2130
2066,2131
2067,2131
2067,2132
2068,2132
2068,2133
2069,2133
2069,2134
2070,2134
2070,2135
2071,2135
2071,2136
2072,2136
2072,2137
2073,2137
2073,2138
2074,2138
2074,2139
2075,2139
2075,2140
2076,2140
2076,2141
2077,2141
2077,2142
2078,2142
2078,2143
2079,2143
2079,2144
2080,2145
2080,2146
2081,2146
2081,2147
2082,2147
2082,2148
2083,2148
2083,2149
2084,2149
2084,2150
2085,2150
2085,2151
2086,2151
2086,2152
2087,2152
2087,2153
2088,2153
2088,2154
2089,2154
2089,2155
2090,2155
2090,2156
2091,2156
2091,2157
2092,2157
2092,2158
2093,2158
2093,2159
2094,2159
2094,2160
2095,2160
2095,2161
2096,2161
2096,2162
2097,2162
2097,2163
2098,2163
2098,2164
2099,2164
2099,2165
2100,2165
2100,2166
2101,2166
2101,2167
2102,2167
2102,2168
2103,2168
2103,2169
2104,2169
2104,2170
2105,2170
2105,2171
2106,2171
2106,2172
2107,2172
2107,2173
2108,2173
2108,2174
2109,2174
2109,2175
2110,2175
2110,2176
2111,2176
2111,2177
2112,2177
2112,2178
2113,2178
2113,2179
2114,2179
2114,2180
2115,2180
2115,2181
2116,2181
2116,2182
2117,2182
2117,2183
2118,2183
2118,2184
2119,2184
2119,2185
2120,2185
2120,2186
2121,2186
2121,2187
2122,2187
2122,2188
2123,2188
2123,2189
2124,2189
2124,2190
2125,2190
2125,2191
2126,2191
2126,2192
2127,2192
2127,2193
2128,2193
2128,2194
2129,2194
2129,2195
2130,2195
2130,2196
2131,2196
2131,2197
2132,2197
2132,2198
2133,2198
2133,2199
2134,2199
2134,2200
2135,2200
2135,2201
2136,2201
2136,2202
2137,2202
2137,2203
2138,2203
2138,2204
2139,2204
2139,2205
2140,2205
2140,2206
2141,2206
2141,2207
2142,2207
2142,2208
2143,2208
2143,2209
2144,2209
2144,2210
2145,2211
2145,2212
2146,2212
2146,2213
2147,2213
2147,2214
2148,2214
2148,2215
2149,2215
2149,2216
2150,2216
2150,2217
2151,2217
2151,2218
2152,2218
2152,2219
2153,2219
2153,2220
2154,2220
2154,2221
2155,2221
2155,2222
2156,2222
2156,2223
2157,2223
2157,2224
2158,2224
2158,2225
2159,2225
2159,2226
2160,2226
2160,2227
2161,2227
2161,2228
2162,2228
2162,2229
2163,2229
2163,2230
2164,2230
2164,2231
2165,2231
2165,2232
2166,2232
2166,2233
2167,2233
2167,2234
2168,2234
2168,2235
2169,2235
2169,2236
2170,2236
2170,2237
2171,2237
2171,2238
2172,2238
2172,2239
2173,2239
2173,2240
2174,2240
2174,2241
2175,2241
2175,2242
2176,2242
2176,2243
2177,2243
2177,2244
2178,2244
2178,2245
2179,2245
2179,2246
2180,2246
2180,2247
2181,2247
2181,2248
2182,2248
2182,2249
2183,2249
2183,2250
2184,2250
2184,2251
2185,2251
2185,2252
2186,2252
2186,2253
2187,2253
2187,2254
2188,2254
2188,2255
2189,2255
2189,2256
2190,2256
2190,2257
2191,2257
2191,2258
2192,2258
2192,2259
2193,2259
2193,2260
2194,2260
2194,2261
2195,2261
2195,2262
2196,2262
2196,2263
2197,2263
2197,2264
2198,2264
2198,2265
2199,2265
2199,2266
2200,2266
2200,2267
2201,2267
2201,2268
2202,2268
2202,2269
2203,2269
2203,2270
2204,2270
2204,2271
2205,2271
2205,2272
2206,2272
2206,2273
2207,2273
2207,2274
2208,2274
2208,2275
2209,2275
2209,2276
2210,2276
2210,2277
2211,2278
2211,2279
2212,2279
2212,2280
2213,2280
2213,2281
2214,2281
2214,2282
2215,2282
2215,2283
2216,2283
2216,2284
2217,2284
2217,2285
2218,2285
2218,2286
2219,2286
2219,2287
2220,2287
2220,2288
2221,2288
2221,2289
2222,2289
2222,2290
2223,2290
2223,2291
2224,2291
2224,2292
2225,2292
2225,2293
2226,2293
2226,2294
2227,2294
2227,2295
2228,2295
2228,2296
2229,2296
2229,2297
2230,2297
2230,2298
2231,2298
2231,2299
2232,2299
2232,2300
2233,2300
2233,2301
2234,2301
2234,2302
2235,2302
2235,2303
2236,2303
2236,2304
2237,2304
2237,2305
2238,2305
2238,2306
2239,2306
2239,2307
2240,2307
2240,2308
2241,2308
2241,2309
2242,2309
2242,2310
2243,2310
2243,2311
2244,2311
2244,2312
2245,2312
2245,2313
2246,2313
2246,2314
2247,2314
2247,2315
2248,2315
2248,2316
2249,2316
2249,2317
2250,2317
2250,2318
2251,2318
2251,2319
2252,2319
2252,2320
2253,2320
2253,2321
2254,2321
2254,2322
2255,2322
2255,2323
2256,2323
2256,2324
2257,2324
2257,2325
2258,2325
2258,2326
2259,2326
2259,2327
2260,2327
2260,2328
2261,2328
2261,2329
2262,2329
2262,2330
2263,2330
2263,2331
2264,2331
2264,2332
2265,2332
2265,2333
2266,2333
2266,2334
2267,2334
2267,2335
2268,2335
2268,2336
2269,2336
2269,2337
2270,2337
2270,2338
2271,2338
2271,2339
2272,2339
2272,2340
2273,2340
2273,2341
2274,2341
2274,2342
2275,2342
2275,2343
2276,2343
2276,2344
2277,2344
2277,2345
2278,2346
2278,2347
2279,2347
2279,2348
2280,2348
2280,2349
2281,2349
2281,2350
2282,2350
2282,2351
2283,2351
2283,2352
2284,2352
2284,2353
2285,2353
2285,2354
2286,2354
2286,2355
2287,2355
2287,2356
2288,2356
2288,2357
2289,2357
2289,2358
2290,2358
2290,2359
2291,2359
2291,2360
2292,2360
2292,2361
2293,2361
2293,2362
2294,2362
2294,2363
2295,2363
2295,2364
2296,2364
2296,2365
2297,2365
2297,2366
2298,2366
2298,2367
2299,2367
2299,2368
2300,2368
2300,2369
2301,2369
2301,2370
2302,2370
2302,2371
2303,2371
2303,2372
2304,2372
2304,2373
2305,2373
2305,2374
2306,2374
2306,2375
2307,2375
2307,2376
2308,2376
2308,2377
2309,2377
2309,2378
2310,2378
2310,2379
2311,2379
2311,2380
2312,2380
2312,2381
2313,2381
2313,2382
2314,2382
2314,2383
2315,2383
2315,2384
2316,2384
2316,2385
2317,2385
2317,2386
2318,2386
2318,2387
2319,2387
2319,2388
2320,2388
2320,2389
2321,2389
2321,2390
2322,2390
2322,2391
2323,2391
2323,2392
2324,2392
2324,2393
2325,2393
2325,2394
2326,2394
2326,2395
2327,2395
2327,2396
2328,2396
2328,2397
2329,2397
2329,2398
2330,2398
2330,2399
2331,2399
2331,2400
2332,2400
2332,2401
2333,2401
2333,2402
2334,2402
2334,2403
2335,2403
2335,2404
2336,2404
2336,2405
2337,2405
2337,2406
2338,2406
2338,2407
2339,2407
2339,2408
2340,2408
2340,2409
2341,2409
2341,2410
2342,2410
2342,2411
2343,2411
2343,2412
2344,2412
2344,2413
2345,2413
2345,2414
2346,2415
2346,2416
2347,2416
2347,2417
2348,2417
2348,2418
2349,2418
2349,2419
2350,2419
2350,2420
2351,2420
2351,2421
2352,2421
2352,2422
2353,2422
2353,2423
2354,2423
2354,2424
2355,2424
2355,2425
2356,2425
2356,2426
2357,2426
2357,2427
2358,2427
2358,2428
2359,2428
2359,2429
2360,2429
2360,2430
2361,2430
2361,2431
2362,2431
2362,2432
2363,2432
2363,2433
2364,2433
2364,2434
2365,2434
2365,2435
2366,2435
2366,2436
2367,2436
2367,2437
2368,2437
2368,2438
2369,2438
2369,2439
2370,2439
2370,2440
2371,2440
2371,2441
2372,2441
2372,2442
2373,2442
2373,2443
2374,2443
2374,2444
2375,2444
2375,2445
2376,2445
2376,2446
2377,2446
2377,2447
2378,2447
2378,2448
2379,2448
2379,2449
2380,2449
2380,2450
2381,2450
2381,2451
2382,2451
2382,2452
2383,2452
2383,2453
2384,2453
2384,2454
2385,2454
2385,2455
2386,2455
2386,2456
2387,2456
2387,2457
2388,2457
2388,2458
2389,2458
2389,2459
2390,2459
2390,2460
2391,2460
2391,2461
2392,2461
2392,2462
2393,2462
2393,2463
2394,2463
2394,2464
2395,2464
2395,2465
2396,2465
2396,2466
2397,2466
2397,2467
2398,2467
2398,2468
2399,2468
2399,2469
2400,2469
2400,2470
2401,2470
2401,2471
2402,2471
2402,2472
2403,2472
2403,2473
2404,2473
2404,2474
2405,2474
2405,2475
2406,2475
2406,2476
2407,2476
2407,2477
2408,2477
2408,2478
2409,2478
2409,2479
2410,2479
2410,2480
2411,2480
2411,2481
2412,2481
2412,2482
2413,2482
2413,2483
2414,2483
2414,2484
2415,2485
2415,2486
2416,2486
2416,2487
2417,2487
2417,2488
2418,2488
2418,2489
2419,2489
2419,2490
2420,2490
2420,2491
2421,2491
2421,2492
2422,2492
2422,2493
2423,2493
2423,2494
2424,2494
2424,2495
2425,2495
2425,2496
2426,2496
2426,2497
2427,2497
2427,2498
2428,2498
2428,2499
2429,2499
2429,2500
2430,2500
2430,2501
2431,2501
2431,2502
2432,2502
2432,2503
2433,2503
2433,2504
2434,2504
2434,2505
2435,2505
2435,2506
2436,2506
2436,2507
2437,2507
2437,2508
2438,2508
2438,2509
2439,2509
2439,2510
2440,2510
2440,2511
2441,2511
2441,2512
2442,2512
2442,2513
2443,2513
2443,2514
2444,2514
2444,2515
2445,2515
2445,2516
2446,2516
2446,2517
2447,2517
2447,2518
2448,2518
2448,2519
2449,2519
2449,2520
2450,2520
2450,2521
2451,2521
2451,2522
2452,2522
2452,2523
2453,2523
2453,2524
2454,2524
2454,2525
2455,2525
2455,2526
2456,2526
2456,2527
2457,2527
2457,2528
2458,2528
2458,2529
2459,2529
2459,2530
2460,2530
2460,2531
2461,2531
2461,2532
2462,2532
2462,2533
2463,2533
2463,2534
2464,2534
2464,2535
2465,2535
2465,2536
2466,2536
2466,2537
2467,2537
2467,2538
2468,2538
2468,2539
2469,2539
2469,2540
2470,2540
2470,2541
2471,2541
2471,2542
2472,2542
2472,2543
2473,2543
2473,2544
2474,2544
2474,2545
2475,2545
2475,2546
2476,2546
2476,2547
2477,2547
2477,2548
2478,2548
2478,2549
2479,2549
2479,2550
2480,2550
2480,2551
2481,2551
2481,2552
2482,2552
2482,2553
2483,2553
2483,2554
2484,2554
2484,2555
2485,2556
2485,2557
2486,2557
2486,2558
2487,2558
2487,2559
2488,2559
2488,2560
2489,2560
2489,2561
2490,2561
2490,2562
2491,2562
2491,2563
2492,2563
2492,2564
2493,2564
2493,2565
2494,2565
2494,2566
2495,2566
2495,2567
2496,2567
2496,2568
2497,2568
2497,2569
2498,2569
2498,2570
2499,2570
2499,2571
2500,2571
2500,2572
2501,2572
2501,2573
2502,2573
2502,2574
2503,2574
2503,2575
2504,2575
2504,2576
2505,2576
2505,2577
2506,2577
2506,2578
2507,2578
2507,2579
2508,2579
2508,2580
2509,2580
2509,2581
2510,2581
2510,2582
2511,2582
2511,2583
2512,2583
2512,2584
2513,2584
2513,2585
2514,2585
2514,2586
2515,2586
2515,2587
2516,2587
2516,2588
2517,2588
2517,2589
2518,2589
2518,2590
2519,2590
2519,2591
2520,2591
2520,2592
2521,2592
2521,2593
2522,2593
2522,2594
2523,2594
2523,2595
2524,2595
2524,2596
2525,2596
2525,2597
2526,2597
2526,2598
2527,2598
2527,2599
2528,2599
2528,2600
2529,2600
2529,2601
2530,2601
2530,2602
2531,2602
2531,2603
2532,2603
2532,2604
2533,2604
2533,2605
2534,2605
2534,2606
2535,2606
2535,2607
2536,2607
2536,2608
2537,2608
2537,2609
2538,2609
2538,2610
2539,2610
2539,2611
2540,2611
2540,2612
2541,2612
2541,2613
2542,2613
2542,2614
2543,2614
2543,2615
2544,2615
2544,2616
2545,2616
2545,2617
2546,2617
2546,2618
2547,2618
2547,2619
2548,2619
2548,2620
2549,2620
2549,2621
2550,2621
2550,2622
2551,2622
2551,2623
2552,2623
2552,2624
2553,2624
2553,2625
2554,2625
2554,2626
2555,2626
2555,2627
2556,2628
2556,2629
2557,2629
2557,2630
2558,2630
2558,2631
2559,2631
2559,2632
2560,2632
2560,2633
2561,2633
2561,2634
2562,2634
2562,2635
2563,2635
2563,2636
2564,2636
2564,2637
2565,2637
2565,2638
2566,2638
2566,2639
2567,2639
2567,2640
2568,2640
2568,2641
2569,2641
2569,2642
2570,2642
2570,2643
2571,2643
2571,2644
2572,2644
2572,2645
2573,2645
2573,2646
2574,2646
2574,2647
2575,2647
2575,2648
2576,2648
2576,2649
2577,2649
2577,2650
2578,2650
2578,2651
2579,2651
2579,2652
2580,2652
2580,2653
2581,2653
2581,2654
2582,2654
2582,2655
2583,2655
2583,2656
2584,2656
2584,2657
2585,2657
2585,2658
2586,2658
2586,2659
2587,2659
2587,2660
2588,2660
2588,2661
2589,2661
2589,2662
2590,2662
2590,2663
2591,2663
2591,2664
2592,2664
2592,2665
2593,2665
2593,2666
2594,2666
2594,2667
2595,2667
2595,2668
2596,2668
2596,2669
2597,2669
2597,2670
2598,2670
2598,2671
2599,2671
2599,2672
2600,2672
2600,2673
2601,2673
2601,2674
2602,2674
2602,2675
2603,2675
2603,2676
2604,2676
2604,2677
2605,2677
2605,2678
2606,2678
2606,2679
2607,2679
2607,2680
2608,2680
2608,2681
2609,2681
2609,2682
2610,2682
2610,2683
2611,2683
2611,2684
2612,2684
2612,2685
2613,2685
2613,2686
2614,2686
2614,2687
2615,2687
2615,2688
2616,2688
2616,2689
2617,2689
2617,2690
2618,2690
2618,2691
2619,2691
2619,2692
2620,2692
2620,2693
2621,2693
2621,2694
2622,2694
2622,2695
2623,2695
2623,2696
2624,2696
2624,2697
2625,2697
2625,2698
2626,2698
2626,2699
2627,2699
2627,2700
2628,2701
2628,2702
2629,2702
2629,2703
2630,2703
2630,2704
2631,2704
2631,2705
2632,2705
2632,2706
2633,2706
2633,2707
2634,2707
2634,2708
2635,2708
2635,2709
2636,2709
2636,2710
2637,2710
2637,2711
2638,2711
2638,2712
2639,2712
2639,2713
2640,2713
2640,2714
2641,2714
2641,2715
2642,2715
2642,2716
2643,2716
2643,2717
2644,2717
2644,2718
2645,2718
2645,2719
2646,2719
2646,2720
2647,2720
2647,2721
2648,2721
2648,2722
2649,2722
2649,2723
2650,2723
2650,2724
2651,2724
2651,2725
2652,2725
2652,2726
2653,2726
2653,2727
2654,2727
2654,2728
2655,2728
2655,2729
2656,2729
2656,2730
2657,2730
2657,2731
2658,2731
2658,2732
2659,2732
2659,2733
2660,2733
2660,2734
2661,2734
2661,2735
2662,2735
2662,2736
2663,2736
2663,2737
2664,2737
2664,2738
2665,2738
2665,2739
2666,2739
2666,2740
2667,2740
2667,2741
2668,2741
2668,2742
2669,2742
2669,2743
2670,2743
2670,2744
2671,2744
2671,2745
2672,2745
2672,2746
2673,2746
2673,2747
2674,2747
2674,2748
2675,2748
2675,2749
2676,2749
2676,2750
2677,2750
2677,2751
2678,2751
2678,2752
2679,2752
2679,2753
2680,2753
2680,2754
2681,2754
2681,2755
2682,2755
2682,2756
2683,2756
2683,2757
2684,2757
2684,2758
2685,2758
2685,2759
2686,2759
2686,2760
2687,2760
2687,2761
2688,2761
2688,2762
2689,2762
2689,2763
2690,2763
2690,2764
2691,2764
2691,2765
2692,2765
2692,2766
2693,2766
2693,2767
2694,2767
2694,2768
2695,2768
2695,2769
2696,2769
2696,2770
2697,2770
2697,2771
2698,2771
2698,2772
2699,2772
2699,2773
2700,2773
2700,2774
2701,2775
2701,2776
2702,2776
2702,2777
2703,2777
2703,2778
2704,2778
2704,2779
2705,2779
2705,2780
2706,2780
2706,2781
2707,2781
2707,2782
2708,2782
2708,2783
2709,2783
2709,2784
2710,2784
2710,2785
2711,2785
2711,2786
2712,2786
2712,2787
2713,2787
2713,2788
2714,2788
2714,2789
2715,2789
2715,2790
2716,2790
2716,2791
2717,2791
2717,2792
2718,2792
2718,2793
2719,2793
2719,2794
2720,2794
2720,2795
2721,2795
2721,2796
2722,2796
2722,2797
2723,2797
2723,2798
2724,2798
2724,2799
2725,2799
2725,2800
2726,2800
2726,2801
2727,2801
2727,2802
2728,2802
2728,2803
2729,2803
2729,2804
2730,2804
2730,2805
2731,2805
2731,2806
2732,2806
2732,2807
2733,2807
2733,2808
2734,2808
2734,2809
2735,2809
2735,2810
2736,2810
2736,2811
2737,2811
2737,2812
2738,2812
2738,2813
2739,2813
2739,2814
2740,2814
2740,2815
2741,2815
2741,2816
2742,2816
2742,2817
2743,2817
2743,2818
2744,2818
2744,2819
2745,2819
2745,2820
2746,2820
2746,2821
2747,2821
2747,2822
2748,2822
2748,2823
2749,2823
2749,2824
2750,2824
2750,2825
2751,2825
2751,2826
2752,2826
2752,2827
2753,2827
2753,2828
2754,2828
2754,2829
2755,2829
2755,2830
2756,2830
2756,2831
2757,2831
2757,2832
2758,2832
2758,2833
2759,2833
2759,2834
2760,2834
2760,2835
2761,2835
2761,2836
2762,2836
2762,2837
2763,2837
2763,2838
2764,2838
2764,2839
2765,2839
2765,2840
2766,2840
2766,2841
2767,2841
2767,2842
2768,2842
2768,2843
2769,2843
2769,2844
2770,2844
2770,2845
2771,2845
2771,2846
2772,2846
2772,2847
2773,2847
2773,2848
2774,2848
2774,2849
2775,2850
2775,2851
2776,2851
2776,2852
2777,2852
2777,2853
2778,2853
2778,2854
2779,2854
2779,2855
2780,2855
2780,2856
2781,2856
2781,2857
2782,2857
2782,2858
2783,2858
2783,2859
2784,2859
2784,2860
2785,2860
2785,2861
2786,2861
2786,2862
2787,2862
2787,2863
2788,2863
2788,2864
2789,2864
2789,2865
2790,2865
2790,2866
2791,2866
2791,2867
2792,2867
2792,2868
2793,2868
2793,2869
2794,2869
2794,2870
2795,2870
2795,2871
2796,2871
2796,2872
2797,2872
2797,2873
2798,2873
2798,2874
2799,2874
2799,2875
2800,2875
2800,2876
2801,2876
2801,2877
2802,2877
2802,2878
2803,2878
2803,2879
2804,2879
2804,2880
2805,2880
2805,2881
2806,2881
2806,2882
2807,2882
2807,2883
2808,2883
2808,2884
2809,2884
2809,2885
2810,2885
2810,2886
2811,2886
2811,2887
2812,2887
2812,2888
2813,2888
2813,2889
2814,2889
2814,2890
2815,2890
2815,2891
2816,2891
2816,2892
2817,2892
2817,2893
2818,2893
2818,2894
2819,2894
2819,2895
2820,2895
2820,2896
2821,2896
2821,2897
2822,2897
2822,2898
2823,2898
2823,2899
2824,2899
2824,2900
2825,2900
2825,2901
2826,2901
2826,2902
2827,2902
2827,2903
2828,2903
2828,2904
2829,2904
2829,2905
2830,2905
2830,2906
2831,2906
2831,2907
2832,2907
2832,2908
2833,2908
2833,2909
2834,2909
2834,2910
2835,2910
2835,2911
2836,2911
2836,2912
2837,2912
2837,2913
2838,2913
2838,2914
2839,2914
2839,2915
2840,2915
2840,2916
2841,2916
2841,2917
2842,2917
2842,2918
2843,2918
2843,2919
2844,2919
2844,2920
2845,2920
2845,2921
2846,2921
2846,2922
2847,2922
2847,2923
2848,2923
2848,2924
2849,2924
2849,2925
2850,2926
2850,2927
2851,2927
2851,2928
2852,2928
2852,2929
2853,2929
2853,2930
2854,2930
2854,2931
2855,2931
2855,2932
2856,2932
2856,2933
2857,2933
2857,2934
2858,2934
2858,2935
2859,2935
2859,2936
2860,2936
2860,2937
2861,2937
2861,2938
2862,2938
2862,2939
2863,2939
2863,2940
2864,2940
2864,2941
2865,2941
2865,2942
2866,2942
2866,2943
2867,2943
2867,2944
2868,2944
2868,2945
2869,2945
2869,2946
2870,2946
2870,2947
2871,2947
2871,2948
2872,2948
2872,2949
2873,2949
2873,2950
2874,2950
2874,2951
2875,2951
2875,2952
2876,2952
2876,2953
2877,2953
2877,2954
2878,2954
2878,2955
2879,2955
2879,2956
2880,2956
2880,2957
2881,2957
2881,2958
2882,2958
2882,2959
2883,2959
2883,2960
2884,2960
2884,2961
2885,2961
2885,2962
2886,2962
2886,2963
2887,2963
2887,2964
2888,2964
2888,2965
2889,2965
2889,2966
2890,2966
2890,2967
2891,2967
2891,2968
2892,2968
2892,2969
2893,2969
2893,2970
2894,2970
2894,2971
2895,2971
2895,2972
2896,2972
2896,2973
2897,2973
2897,2974
2898,2974
2898,2975
2899,2975
2899,2976
2900,2976
2900,2977
2901,2977
2901,2978
2902,2978
2902,2979
2903,2979
2903,2980
2904,2980
2904,2981
2905,2981
2905,2982
2906,2982
2906,2983
2907,2983
2907,2984
2908,2984
2908,2985
2909,2985
2909,2986
2910,2986
2910,2987
2911,2987
2911,2988
2912,2988
2912,2989
2913,2989
2913,2990
2914,2990
2914,2991
2915,2991
2915,2992
2916,2992
2916,2993
2917,2993
2917,2994
2918,2994
2918,2995
2919,2995
2919,2996
2920,2996
2920,2997
2921,2997
2921,2998
2922,2998
2922,2999
2923,2999
2923,3000
2924,3000
2924,3001
2925,3001
2925,3002
2926,3003
2926,3004
2927,3004
2927,3005
2928,3005
2928,3006
2929,3006
2929,3007
2930,3007
2930,3008
2931,3008
2931,3009
2932,3009
2932,3010
2933,3010
2933,3011
2934,3011
2934,3012
2935,3012
2935,3013
2936,3013
2936,3014
2937,3014
2937,3015
2938,3015
2938,3016
2939,3016
2939,3017
2940,3017
2940,3018
2941,3018
2941,3019
2942,3019
2942,3020
2943,3020
2943,3021
2944,3021
2944,3022
2945,3022
2945,3023
2946,3023
2946,3024
2947,3024
2947,3025
2948,3025
2948,3026
2949,3026
2949,3027
2950,3027
2950,3028
2951,3028
2951,3029
2952,3029
2952,3030
2953,3030
2953,3031
2954,3031
2954,3032
2955,3032
2955,3033
2956,3033
2956,3034
2957,3034
2957,3035
2958,3035
2958,3036
2959,3036
2959,3037
2960,3037
2960,3038
2961,3038
2961,3039
2962,3039
2962,3040
2963,3040
2963,3041
2964,3041
2964,3042
2965,3042
2965,3043
2966,3043
2966,3044
2967,3044
2967,3045
2968,3045
2968,3046
2969,3046
2969,3047
2970,3047
2970,3048
2971,3048
2971,3049
2972,3049
2972,3050
2973,3050
2973,3051
2974,3051
2974,3052
2975,3052
2975,3053
2976,3053
2976,3054
2977,3054
2977,3055
2978,3055
2978,3056
2979,3056
2979,3057
2980,3057
2980,3058
2981,3058
2981,3059
2982,3059
2982,3060
2983,3060
2983,3061
2984,3061
2984,3062
2985,3062
2985,3063
2986,3063
2986,3064
2987,3064
2987,3065
2988,3065
2988,3066
2989,3066
2989,3067
2990,3067
2990,3068
2991,3068
2991,3069
2992,3069
2992,3070
2993,3070
2993,3071
2994,3071
2994,3072
2995,3072
2995,3073
2996,3073
2996,3074
2997,3074
2997,3075
2998,3075
2998,3076
2999,3076
2999,3077
3000,3077
3000,3078
3001,3078
3001,3079
3002,3079
3002,3080
3003,3081
3003,3082
3004,3082
3004,3083
3005,3083
3005,3084
3006,3084
3006,3085
3007,3085
3007,3086
3008,3086
3008,3087
3009,3087
3009,3088
3010,3088
3010,3089
3011,3089
3011,3090
3012,3090
3012,3091
3013,3091
3013,3092
3014,3092
3014,3093
3015,3093
3015,3094
3016,3094
3016,3095
3017,3095
3017,3096
3018,3096
3018,3097
3019,3097
3019,3098
3020,3098
3020,3099
3021,3099
3021,3100
3022,3100
3022,3101
3023,3101
3023,3102
3024,3102
3024,3103
3025,3103
3025,3104
3026,3104
3026,3105
3027,3105
3027,3106
3028,3106
3028,3107
3029,3107
3029,3108
3030,3108
3030,3109
3031,3109
3031,3110
3032,3110
3032,3111
3033,3111
3033,3112
3034,3112
3034,3113
3035,3113
3035,3114
3036,3114
3036,3115
3037,3115
3037,3116
3038,3116
3038,3117
3039,3117
3039,3118
3040,3118
3040,3119
3041,3119
3041,3120
3042,3120
3042,3121
3043,3121
3043,3122
3044,3122
3044,3123
3045,3123
3045,3124
3046,3124
3046,3125
3047,3125
3047,3126
3048,3126
3048,3127
3049,3127
3049,3128
3050,3128
3050,3129
3051,3129
3051,3130
3052,3130
3052,3131
3053,3131
3053,3132
3054,3132
3054,3133
3055,3133
3055,3134
3056,3134
3056,3135
3057,3135
3057,3136
3058,3136
3058,3137
3059,3137
3059,3138
3060,3138
3060,3139
3061,3139
3061,3140
3062,3140
3062,3141
3063,3141
3063,3142
3064,3142
3064,3143
3065,3143
3065,3144
3066,3144
3066,3145
3067,3145
3067,3146
3068,3146
3068,3147
3069,3147
3069,3148
3070,3148
3070,3149
3071,3149
3071,3150
3072,3150
3072,3151
3073,3151
3073,3152
3074,3152
3074,3153
3075,3153
3075,3154
3076,3154
3076,3155
3077,3155
3077,3156
3078,3156
3078,3157
3079,3157
3079,3158
3080,3158
3080,3159
3081,3160
3081,3161
3082,3161
3082,3162
3083,3162
3083,3163
3084,3163
3084,3164
3085,3164
3085,3165
3086,3165
3086,3166
3087,3166
3087,3167
3088,3167
3088,3168
3089,3168
3089,3169
3090,3169
3090,3170
3091,3170
3091,3171
3092,3171
3092,3172
3093,3172
3093,3173
3094,3173
3094,3174
3095,3174
3095,3175
3096,3175
3096,3176
3097,3176
3097,3177
3098,3177
3098,3178
3099,3178
3099,3179
3100,3179
3100,3180
3101,3180
3101,3181
3102,3181
3102,3182
3103,3182
3103,3183
3104,3183
3104,3184
3105,3184
3105,3185
3106,3185
3106,3186
3107,3186
3107,3187
3108,3187
3108,3188
3109,3188
3109,3189
3110,3189
3110,3190
3111,3190
3111,3191
3112,3191
3112,3192
3113,3192
3113,3193
3114,3193
3114,3194
3115,3194
3115,3195
3116,3195
3116,3196
3117,3196
3117,3197
3118,3197
3118,3198
3119,3198
3119,3199
3120,3199
3120,3200
3121,3200
3121,3201
3122,3201
3122,3202
3123,3202
3123,3203
3124,3203
3124,3204
3125,3204
3125,3205
3126,3205
3126,3206
3127,3206
3127,3207
3128,3207
3128,3208
3129,3208
3129,3209
3130,3209
3130,3210
3131,3210
3131,3211
3132,3211
3132,3212
3133,3212
3133,3213
3134,3213
3134,3214
3135,3214
3135,3215
3136,3215
3136,3216
3137,3216
3137,3217
3138,3217
3138,3218
3139,3218
3139,3219
3140,3219
3140,3220
3141,3220
3141,3221
3142,3221
3142,3222
3143,3222
3143,3223
3144,3223
3144,3224
3145,3224
3145,3225
3146,3225
3146,3226
3147,3226
3147,3227
3148,3227
3148,3228
3149,3228
3149,3229
3150,3229
3150,3230
3151,3230
3151,3231
3152,3231
3152,3232
3153,3232
3153,3233
3154,3233
3154,3234
3155,3234
3155,3235
3156,3235
3156,3236
3157,3236
3157,3237
3158,3237
3158,3238
3159,3238
3159,3239
3160,3240
3160,3241
3161,3241
3161,3242
3162,3242
3162,3243
3163,3243
3163,3244
3164,3244
3164,3245
3165,3245
3165,3246
3166,3246
3166,3247
3167,3247
3167,3248
3168,3248
3168,3249
3169,3249
3169,3250
3170,3250
3170,3251
3171,3251
3171,3252
3172,3252
3172,3253
3173,3253
3173,3254
3174,3254
3174,3255
3175,3255
3175,3256
3176,3256
3176,3257
3177,3257
3177,3258
3178,3258
3178,3259
3179,3259
3179,3260
3180,3260
3180,3261
3181,3261
3181,3262
3182,3262
3182,3263
3183,3263
3183,3264
3184,3264
3184,3265
3185,3265
3185,3266
3186,3266
3186,3267
3187,3267
3187,3268
3188,3268
3188,3269
3189,3269
3189,3270
3190,3270
3190,3271
3191,3271
3191,3272
3192,3272
3192,3273
3193,3273
3193,3274
3194,3274
3194,3275
3195,3275
3195,3276
3196,3276
3196,3277
3197,3277
3197,3278
3198,3278
3198,3279
3199,3279
3199,3280
3200,3280
3200,3281
3201,3281
3201,3282
3202,3282
3202,3283
3203,3283
3203,3284
3204,3284
3204,3285
3205,3285
3205,3286
3206,3286
3206,3287
3207,3287
3207,3288
3208,3288
3208,3289
3209,3289
3209,3290
3210,3290
3210,3291
3211,3291
3211,3292
3212,3292
3212,3293
3213,3293
3213,3294
3214,3294
3214,3295
3215,3295
3215,3296
3216,3296
3216,3297
3217,3297
3217,3298
3218,3298
3218,3299
3219,3299
3219,3300
3220,3300
3220,3301
3221,3301
3221,3302
3222,3302
3222,3303
3223,3303
3223,3304
3224,3304
3224,3305
3225,3305
3225,3306
3226,3306
3226,3307
3227,3307
3227,3308
3228,3308
3228,3309
3229,3309
3229,3310
3230,3310
3230,3311
3231,3311
3231,3312
3232,3312
3232,3313
3233,3313
3233,3314
3234,3314
3234,3315
3235,3315
3235,3316
3236,3316
3236,3317
3237,3317
3237,3318
3238,3318
3238,3319
3239,3319
3239,3320
3240,3321
3240,3322
3241,3322
3241,3323
3242,3323
3242,3324
3243,3324
3243,3325
3244,3325
3244,3326
3245,3326
3245,3327
3246,3327
3246,3328
3247,3328
3247,3329
3248,3329
3248,3330
3249,3330
3249,3331
3250,3331
3250,3332
3251,3332
3251,3333
3252,3333
3252,3334
3253,3334
3253,3335
3254,3335
3254,3336
3255,3336
3255,3337
3256,3337
3256,3338
3257,3338
3257,3339
3258,3339
3258,3340
3259,3340
3259,3341
3260,3341
3260,3342
3261,3342
3261,3343
3262,3343
3262,3344
3263,3344
3263,3345
3264,3345
3264,3346
3265,3346
3265,3347
3266,3347
3266,3348
3267,3348
3267,3349
3268,3349
3268,3350
3269,3350
3269,3351
3270,3351
3270,3352
3271,3352
3271,3353
3272,3353
3272,3354
3273,3354
3273,3355
3274,3355
3274,3356
3275,3356
3275,3357
3276,3357
3276,3358
3277,3358
3277,3359
3278,3359
3278,3360
3279,3360
3279,3361
3280,3361
3280,3362
3281,3362
3281,3363
3282,3363
3282,3364
3283,3364
3283,3365
3284,3365
3284,3366
3285,3366
3285,3367
3286,3367
3286,3368
3287,3368
3287,3369
3288,3369
3288,3370
3289,3370
3289,3371
3290,3371
3290,3372
3291,3372
3291,3373
3292,3373
3292,3374
3293,3374
3293,3375
3294,3375
3294,3376
3295,3376
3295,3377
3296,3377
3296,3378
3297,3378
3297,3379
3298,3379
3298,3380
3299,3380
3299,3381
3300,3381
3300,3382
3301,3382
3301,3383
3302,3383
3302,3384
3303,3384
3303,3385
3304,3385
3304,3386
3305,3386
3305,3387
3306,3387
3306,3388
3307,3388
3307,3389
3308,3389
3308,3390
3309,3390
3309,3391
3310,3391
3310,3392
3311,3392
3311,3393
3312,3393
3312,3394
3313,3394
3313,3395
3314,3395
3314,3396
3315,3396
3315,3397
3316,3397
3316,3398
3317,3398
3317,3399
3318,3399
3318,3400
3319,3400
3319,3401
3320,3401
3320,3402
3321,3403
3321,3404
3322,3404
3322,3405
3323,3405
3323,3406
3324,3406
3324,3407
3325,3407
3325,3408
3326,3408
3326,3409
3327,3409
3327,3410
3328,3410
3328,3411
3329,3411
3329,3412
3330,3412
3330,3413
3331,3413
3331,3414
3332,3414
3332,3415
3333,3415
3333,3416
3334,3416
3334,3417
3335,3417
3335,3418
3336,3418
3336,3419
3337,3419
3337,3420
3338,3420
3338,3421
3339,3421
3339,3422
3340,3422
3340,3423
3341,3423
3341,3424
3342,3424
3342,3425
3343,3425
3343,3426
3344,3426
3344,3427
3345,3427
3345,3428
3346,3428
3346,3429
3347,3429
3347,3430
3348,3430
3348,3431
3349,3431
3349,3432
3350,3432
3350,3433
3351,3433
3351,3434
3352,3434
3352,3435
3353,3435
3353,3436
3354,3436
3354,3437
3355,3437
3355,3438
3356,3438
3356,3439
3357,3439
3357,3440
3358,3440
3358,3441
3359,3441
3359,3442
3360,3442
3360,3443
3361,3443
3361,3444
3362,3444
3362,3445
3363,3445
3363,3446
3364,3446
3364,3447
3365,3447
3365,3448
3366,3448
3366,3449
3367,3449
3367,3450
3368,3450
3368,3451
3369,3451
3369,3452
3370,3452
3370,3453
3371,3453
3371,3454
3372,3454
3372,3455
3373,3455
3373,3456
3374,3456
3374,3457
3375,3457
3375,3458
3376,3458
3376,3459
3377,3459
3377,3460
3378,3460
3378,3461
3379,3461
3379,3462
3380,3462
3380,3463
3381,3463
3381,3464
3382,3464
3382,3465
3383,3465
3383,3466
3384,3466
3384,3467
3385,3467
3385,3468
3386,3468
3386,3469
3387,3469
3387,3470
3388,3470
3388,3471
3389,3471
3389,3472
3390,3472
3390,3473
3391,3473
3391,3474
3392,3474
3392,3475
3393,3475
3393,3476
3394,3476
3394,3477
3395,3477
3395,3478
3396,3478
3396,3479
3397,3479
3397,3480
3398,3480
3398,3481
3399,3481
3399,3482
3400,3482
3400,3483
3401,3483
3401,3484
3402,3484
3402,3485
3403,3486
3403,3487
3404,3487
3404,3488
3405,3488
3405,3489
3406,3489
3406,3490
3407,3490
3407,3491
3408,3491
3408,3492
3409,3492
3409,3493
3410,3493
3410,3494
3411,3494
3411,3495
3412,3495
3412,3496
3413,3496
3413,3497
3414,3497
3414,3498
3415,3498
3415,3499
3416,3499
3416,3500
3417,3500
3417,3501
3418,3501
3418,3502
3419,3502
3419,3503
3420,3503
3420,3504
3421,3504
3421,3505
3422,3505
3422,3506
3423,3506
3423,3507
3424,3507
3424,3508
3425,3508
3425,3509
3426,3509
3426,3510
3427,3510
3427,3511
3428,3511
3428,3512
3429,3512
3429,3513
3430,3513
3430,3514
3431,3514
3431,3515
3432,3515
3432,3516
3433,3516
3433,3517
3434,3517
3434,3518
3435,3518
3435,3519
3436,3519
3436,3520
3437,3520
3437,3521
3438,3521
3438,3522
3439,3522
3439,3523
3440,3523
3440,3524
3441,3524
3441,3525
3442,3525
3442,3526
3443,3526
3443,3527
3444,3527
3444,3528
3445,3528
3445,3529
3446,3529
3446,3530
3447,3530
3447,3531
3448,3531
3448,3532
3449,3532
3449,3533
3450,3533
3450,3534
3451,3534
3451,3535
3452,3535
3452,3536
3453,3536
3453,3537
3454,3537
3454,3538
3455,3538
3455,3539
3456,3539
3456,3540
3457,3540
3457,3541
3458,3541
3458,3542
3459,3542
3459,3543
3460,3543
3460,3544
3461,3544
3461,3545
3462,3545
3462,3546
3463,3546
3463,3547
3464,3547
3464,3548
3465,3548
3465,3549
3466,3549
3466,3550
3467,3550
3467,3551
3468,3551
3468,3552
3469,3552
3469,3553
3470,3553
3470,3554
3471,3554
3471,3555
3472,3555
3472,3556
3473,3556
3473,3557
3474,3557
3474,3558
3475,3558
3475,3559
3476,3559
3476,3560
3477,3560
3477,3561
3478,3561
3478,3562
3479,3562
3479,3563
3480,3563
3480,3564
3481,3564
3481,3565
3482,3565
3482,3566
3483,3566
3483,3567
3484,3567
3484,3568
3485,3568
3485,3569
3486,3570
3486,3571
3487,3571
3487,3572
3488,3572
3488,3573
3489,3573
3489,3574
3490,3574
3490,3575
3491,3575
3491,3576
3492,3576
3492,3577
3493,3577
3493,3578
3494,3578
3494,3579
3495,3579
3495,3580
3496,3580
3496,3581
3497,3581
3497,3582
3498,3582
3498,3583
3499,3583
3499,3584
3500,3584
3500,3585
3501,3585
3501,3586
3502,3586
3502,3587
3503,3587
3503,3588
3504,3588
3504,3589
3505,3589
3505,3590
3506,3590
3506,3591
3507,3591
3507,3592
3508,3592
3508,3593
3509,3593
3509,3594
3510,3594
3510,3595
3511,3595
3511,3596
3512,3596
3512,3597
3513,3597
3513,3598
3514,3598
3514,3599
3515,3599
3515,3600
3516,3600
3516,3601
3517,3601
3517,3602
3518,3602
3518,3603
3519,3603
3519,3604
3520,3604
3520,3605
3521,3605
3521,3606
3522,3606
3522,3607
3523,3607
3523,3608
3524,3608
3524,3609
3525,3609
3525,3610
3526,3610
3526,3611
3527,3611
3527,3612
3528,3612
3528,3613
3529,3613
3529,3614
3530,3614
3530,3615
3531,3615
3531,3616
3532,3616
3532,3617
3533,3617
3533,3618
3534,3618
3534,3619
3535,3619
3535,3620
3536,3620
3536,3621
3537,3621
3537,3622
3538,3622
3538,3623
3539,3623
3539,3624
3540,3624
3540,3625
3541,3625
3541,3626
3542,3626
3542,3627
3543,3627
3543,3628
3544,3628
3544,3629
3545,3629
3545,3630
3546,3630
3546,3631
3547,3631
3547,3632
3548,3632
3548,3633
3549,3633
3549,3634
3550,3634
3550,3635
3551,3635
3551,3636
3552,3636
3552,3637
3553,3637
3553,3638
3554,3638
3554,3639
3555,3639
3555,3640
3556,3640
3556,3641
3557,3641
3557,3642
3558,3642
3558,3643
3559,3643
3559,3644
3560,3644
3560,3645
3561,3645
3561,3646
3562,3646
3562,3647
3563,3647
3563,3648
3564,3648
3564,3649
3565,3649
3565,3650
3566,3650
3566,3651
3567,3651
3567,3652
3568,3652
3568,3653
3569,3653
3569,3654
3570,3655
3570,3656
3571,3656
3571,3657
3572,3657
3572,3658
3573,3658
3573,3659
3574,3659
3574,3660
3575,3660
3575,3661
3576,3661
3576,3662
3577,3662
3577,3663
3578,3663
3578,3664
3579,3664
3579,3665
3580,3665
3580,3666
3581,3666
3581,3667
3582,3667
3582,3668
3583,3668
3583,3669
3584,3669
3584,3670
3585,3670
3585,3671
3586,3671
3586,3672
3587,3672
3587,3673
3588,3673
3588,3674
3589,3674
3589,3675
3590,3675
3590,3676
3591,3676
3591,3677
3592,3677
3592,3678
3593,3678
3593,3679
3594,3679
3594,3680
3595,3680
3595,3681
3596,3681
3596,3682
3597,3682
3597,3683
3598,3683
3598,3684
3599,3684
3599,3685
3600,3685
3600,3686
3601,3686
3601,3687
3602,3687
3602,3688
3603,3688
3603,3689
3604,3689
3604,3690
3605,3690
3605,3691
3606,3691
3606,3692
3607,3692
3607,3693
3608,3693
3608,3694
3609,3694
3609,3695
3610,3695
3610,3696
3611,3696
3611,3697
3612,3697
3612,3698
3613,3698
3613,3699
3614,3699
3614,3700
3615,3700
3615,3701
3616,3701
3616,3702
3617,3702
3617,3703
3618,3703
3618,3704
3619,3704
3619,3705
3620,3705
3620,3706
3621,3706
3621,3707
3622,3707
3622,3708
3623,3708
3623,3709
3624,3709
3624,3710
3625,3710
3625,3711
3626,3711
3626,3712
3627,3712
3627,3713
3628,3713
3628,3714
3629,3714
3629,3715
3630,3715
3630,3716
3631,3716
3631,3717
3632,3717
3632,3718
3633,3718
3633,3719
3634,3719
3634,3720
3635,3720
3635,3721
3636,3721
3636,3722
3637,3722
3637,3723
3638,3723
3638,3724
3639,3724
3639,3725
3640,3725
3640,3726
3641,3726
3641,3727
3642,3727
3642,3728
3643,3728
3643,3729
3644,3729
3644,3730
3645,3730
3645,3731
3646,3731
3646,3732
3647,3732
3647,3733
3648,3733
3648,3734
3649,3734
3649,3735
3650,3735
3650,3736
3651,3736
3651,3737
3652,3737
3652,3738
3653,3738
3653,3739
3654,3739
3654,3740
3655,3741
3655,3742
3656,3742
3656,3743
3657,3743
3657,3744
3658,3744
3658,3745
3659,3745
3659,3746
3660,3746
3660,3747
3661,3747
3661,3748
3662,3748
3662,3749
3663,3749
3663,3750
3664,3750
3664,3751
3665,3751
3665,3752
3666,3752
3666,3753
3667,3753
3667,3754
3668,3754
3668,3755
3669,3755
3669,3756
3670,3756
3670,3757
3671,3757
3671,3758
3672,3758
3672,3759
3673,3759
3673,3760
3674,3760
3674,3761
3675,3761
3675,3762
3676,3762
3676,3763
3677,3763
3677,3764
3678,3764
3678,3765
3679,3765
3679,3766
3680,3766
3680,3767
3681,3767
3681,3768
3682,3768
3682,3769
3683,3769
3683,3770
3684,3770
3684,3771
3685,3771
3685,3772
3686,3772
3686,3773
3687,3773
3687,3774
3688,3774
3688,3775
3689,3775
3689,3776
3690,3776
3690,3777
3691,3777
3691,3778
3692,3778
3692,3779
3693,3779
3693,3780
3694,3780
3694,3781
3695,3781
3695,3782
3696,3782
3696,3783
3697,3783
3697,3784
3698,3784
3698,3785
3699,3785
3699,3786
3700,3786
3700,3787
3701,3787
3701,3788
3702,3788
3702,3789
3703,3789
3703,3790
3704,3790
3704,3791
3705,3791
3705,3792
3706,3792
3706,3793
3707,3793
3707,3794
3708,3794
3708,3795
3709,3795
3709,3796
3710,3796
3710,3797
3711,3797
3711,3798
3712,3798
3712,3799
3713,3799
3713,3800
3714,3800
3714,3801
3715,3801
3715,3802
3716,3802
3716,3803
3717,3803
3717,3804
3718,3804
3718,3805
3719,3805
3719,3806
3720,3806
3720,3807
3721,3807
3721,3808
3722,3808
3722,3809
3723,3809
3723,3810
3724,3810
3724,3811
3725,3811
3725,3812
3726,3812
3726,3813
3727,3813
3727,3814
3728,3814
3728,3815
3729,3815
3729,3816
3730,3816
3730,3817
3731,3817
3731,3818
3732,3818
3732,3819
3733,3819
3733,3820
3734,3820
3734,3821
3735,3821
3735,3822
3736,3822
3736,3823
3737,3823
3737,3824
3738,3824
3738,3825
3739,3825
3739,3826
3740,3826
3740,3827
3741,3828
3741,3829
3742,3829
3742,3830
3743,3830
3743,3831
3744,3831
3744,3832
3745,3832
3745,3833
3746,3833
3746,3834
3747,3834
3747,3835
3748,3835
3748,3836
3749,3836
3749,3837
3750,3837
3750,3838
3751,3838
3751,3839
3752,3839
3752,3840
3753,3840
3753,3841
3754,3841
3754,3842
3755,3842
3755,3843
3756,3843
3756,3844
3757,3844
3757,3845
3758,3845
3758,3846
3759,3846
3759,3847
3760,3847
3760,3848
3761,3848
3761,3849
3762,3849
3762,3850
3763,3850
3763,3851
3764,3851
3764,3852
3765,3852
3765,3853
3766,3853
3766,3854
3767,3854
3767,3855
3768,3855
3768,3856
3769,3856
3769,3857
3770,3857
3770,3858
3771,3858
3771,3859
3772,3859
3772,3860
3773,3860
3773,3861
3774,3861
3774,3862
3775,3862
3775,3863
3776,3863
3776,3864
3777,3864
3777,3865
3778,3865
3778,3866
3779,3866
3779,3867
3780,3867
3780,3868
3781,3868
3781,3869
3782,3869
3782,3870
3783,3870
3783,3871
3784,3871
3784,3872
3785,3872
3785,3873
3786,3873
3786,3874
3787,3874
3787,3875
3788,3875
3788,3876
3789,3876
3789,3877
3790,3877
3790,3878
3791,3878
3791,3879
3792,3879
3792,3880
3793,3880
3793,3881
3794,3881
3794,3882
3795,3882
3795,3883
3796,3883
3796,3884
3797,3884
3797,3885
3798,3885
3798,3886
3799,3886
3799,3887
3800,3887
3800,3888
3801,3888
3801,3889
3802,3889
3802,3890
3803,3890
3803,3891
3804,3891
3804,3892
3805,3892
3805,3893
3806,3893
3806,3894
3807,3894
3807,3895
3808,3895
3808,3896
3809,3896
3809,3897
3810,3897
3810,3898
3811,3898
3811,3899
3812,3899
3812,3900
3813,3900
3813,3901
3814,3901
3814,3902
3815,3902
3815,3903
3816,3903
3816,3904
3817,3904
3817,3905
3818,3905
3818,3906
3819,3906
3819,3907
3820,3907
3820,3908
3821,3908
3821,3909
3822,3909
3822,3910
3823,3910
3823,3911
3824,3911
3824,3912
3825,3912
3825,3913
3826,3913
3826,3914
3827,3914
3827,3915
3828,3916
3828,3917
3829,3917
3829,3918
3830,3918
3830,3919
3831,3919
3831,3920
3832,3920
3832,3921
3833,3921
3833,3922
3834,3922
3834,3923
3835,3923
3835,3924
3836,3924
3836,3925
3837,3925
3837,3926
3838,3926
3838,3927
3839,3927
3839,3928
3840,3928
3840,3929
3841,3929
3841,3930
3842,3930
3842,3931
3843,3931
3843,3932
3844,3932
3844,3933
3845,3933
3845,3934
3846,3934
3846,3935
3847,3935
3847,3936
3848,3936
3848,3937
3849,3937
3849,3938
3850,3938
3850,3939
3851,3939
3851,3940
3852,3940
3852,3941
3853,3941
3853,3942
3854,3942
3854,3943
3855,3943
3855,3944
3856,3944
3856,3945
3857,3945
3857,3946
3858,3946
3858,3947
3859,3947
3859,3948
3860,3948
3860,3949
3861,3949
3861,3950
3862,3950
3862,3951
3863,3951
3863,3952
3864,3952
3864,3953
3865,3953
3865,3954
3866,3954
3866,3955
3867,3955
3867,3956
3868,3956
3868,3957
3869,3957
3869,3958
3870,3958
3870,3959
3871,3959
3871,3960
3872,3960
3872,3961
3873,3961
3873,3962
3874,3962
3874,3963
3875,3963
3875,3964
3876,3964
3876,3965
3877,3965
3877,3966
3878,3966
3878,3967
3879,3967
3879,3968
3880,3968
3880,3969
3881,3969
3881,3970
3882,3970
3882,3971
3883,3971
3883,3972
3884,3972
3884,3973
3885,3973
3885,3974
3886,3974
3886,3975
3887,3975
3887,3976
3888,3976
3888,3977
3889,3977
3889,3978
3890,3978
3890,3979
3891,3979
3891,3980
3892,3980
3892,3981
3893,3981
3893,3982
3894,3982
3894,3983
3895,3983
3895,3984
3896,3984
3896,3985
3897,3985
3897,3986
3898,3986
3898,3987
3899,3987
3899,3988
3900,3988
3900,3989
3901,3989
3901,3990
3902,3990
3902,3991
3903,3991
3903,3992
3904,3992
3904,3993
3905,3993
3905,3994
3906,3994
3906,3995
3907,3995
3907,3996
3908,3996
3908,3997
3909,3997
3909,3998
3910,3998
3910,3999
3911,3999
3911,4000
3912,4000
3912,4001
3913,4001
3913,4002
3914,4002
3914,4003
3915,4003
3915,4004
3916,4005
3916,4006
3917,4006
3917,4007
3918,4007
3918,4008
3919,4008
3919,4009
3920,4009
3920,4010
3921,4010
3921,4011
3922,4011
3922,4012
3923,4012
3923,4013
3924,4013
3924,4014
3925,4014
3925,4015
3926,4015
3926,4016
3927,4016
3927,4017
3928,4017
3928,4018
3929,4018
3929,4019
3930,4019
3930,4020
3931,4020
3931,4021
3932,4021
3932,4022
3933,4022
3933,4023
3934,4023
3934,4024
3935,4024
3935,4025
3936,4025
3936,4026
3937,4026
3937,4027
3938,4027
3938,4028
3939,4028
3939,4029
3940,4029
3940,4030
3941,4030
3941,4031
3942,4031
3942,4032
3943,4032
3943,4033
3944,4033
3944,4034
3945,4034
3945,4035
3946,4035
3946,4036
3947,4036
3947,4037
3948,4037
3948,4038
3949,4038
3949,4039
3950,4039
3950,4040
3951,4040
3951,4041
3952,4041
3952,4042
3953,4042
3953,4043
3954,4043
3954,4044
3955,4044
3955,4045
3956,4045
3956,4046
3957,4046
3957,4047
3958,4047
3958,4048
3959,4048
3959,4049
3960,4049
3960,4050
3961,4050
3961,4051
3962,4051
3962,4052
3963,4052
3963,4053
3964,4053
3964,4054
3965,4054
3965,4055
3966,4055
3966,4056
3967,4056
3967,4057
3968,4057
3968,4058
3969,4058
3969,4059
3970,4059
3970,4060
3971,4060
3971,4061
3972,4061
3972,4062
3973,4062
3973,4063
3974,4063
3974,4064
3975,4064
3975,4065
3976,4065
3976,4066
3977,4066
3977,4067
3978,4067
3978,4068
3979,4068
3979,4069
3980,4069
3980,4070
3981,4070
3981,4071
3982,4071
3982,4072
3983,4072
3983,4073
3984,4073
3984,4074
3985,4074
3985,4075
3986,4075
3986,4076
3987,4076
3987,4077
3988,4077
3988,4078
3989,4078
3989,4079
3990,4079
3990,4080
3991,4080
3991,4081
3992,4081
3992,4082
3993,4082
3993,4083
3994,4083
3994,4084
3995,4084
3995,4085
3996,4085
3996,4086
3997,4086
3997,4087
3998,4087
3998,4088
3999,4088
3999,4089
4000,4089
4000,4090
4001,4090
4001,4091
4002,4091
4002,4092
4003,4092
4003,4093
4004,4093
4004,4094
4005,4095
4005,4096
4006,4096
4006,4097
4007,4097
4007,4098
4008,4098
4008,4099
4009,4099
4009,4100
4010,4100
4010,4101
4011,4101
4011,4102
4012,4102
4012,4103
4013,4103
4013,4104
4014,4104
4014,4105
4015,4105
4015,4106
4016,4106
4016,4107
4017,4107
4017,4108
4018,4108
4018,4109
4019,4109
4019,4110
4020,4110
4020,4111
4021,4111
4021,4112
4022,4112
4022,4113
4023,4113
4023,4114
4024,4114
4024,4115
4025,4115
4025,4116
4026,4116
4026,4117
4027,4117
4027,4118
4028,4118
4028,4119
4029,4119
4029,4120
4030,4120
4030,4121
4031,4121
4031,4122
4032,4122
4032,4123
4033,4123
4033,4124
4034,4124
4034,4125
4035,4125
4035,4126
4036,4126
4036,4127
4037,4127
4037,4128
4038,4128
4038,4129
4039,4129
4039,4130
4040,4130
4040,4131
4041,4131
4041,4132
4042,4132
4042,4133
4043,4133
4043,4134
4044,4134
4044,4135
4045,4135
4045,4136
4046,4136
4046,4137
4047,4137
4047,4138
4048,4138
4048,4139
4049,4139
4049,4140
4050,4140
4050,4141
4051,4141
4051,4142
4052,4142
4052,4143
4053,4143
4053,4144
4054,4144
4054,4145
4055,4145
4055,4146
4056,4146
4056,4147
4057,4147
4057,4148
4058,4148
4058,4149
4059,4149
4059,4150
4060,4150
4060,4151
4061,4151
4061,4152
4062,4152
4062,4153
4063,4153
4063,4154
4064,4154
4064,4155
4065,4155
4065,4156
4066,4156
4066,4157
4067,4157
4067,4158
4068,4158
4068,4159
4069,4159
4069,4160
4070,4160
4070,4161
4071,4161
4071,4162
4072,4162
4072,4163
4073,4163
4073,4164
4074,4164
4074,4165
4075,4165
4075,4166
4076,4166
4076,4167
4077,4167
4077,4168
4078,4168
4078,4169
4079,4169
4079,4170
4080,4170
4080,4171
4081,4171
4081,4172
4082,4172
4082,4173
4083,4173
4083,4174
4084,4174
4084,4175
4085,4175
4085,4176
4086,4176
4086,4177
4087,4177
4087,4178
4088,4178
4088,4179
4089,4179
4089,4180
4090,4180
4090,4181
4091,4181
4091,4182
4092,4182
4092,4183
4093,4183
4093,4184
4094,4184
4094,4185
4095,4186
4095,4187
4096,4187
4096,4188
4097,4188
4097,4189
4098,4189
4098,4190
4099,4190
4099,4191
4100,4191
4100,4192
4101,4192
4101,4193
4102,4193
4102,4194
4103,4194
4103,4195
4104,4195
4104,4196
4105,4196
4105,4197
4106,4197
4106,4198
4107,4198
4107,4199
4108,4199
4108,4200
4109,4200
4109,4201
4110,4201
4110,4202
4111,4202
4111,4203
4112,4203
4112,4204
4113,4204
4113,4205
4114,4205
4114,4206
4115,4206
4115,4207
4116,4207
4116,4208
4117,4208
4117,4209
4118,4209
4118,4210
4119,4210
4119,4211
4120,4211
4120,4212
4121,4212
4121,4213
4122,4213
4122,4214
4123,4214
4123,4215
4124,4215
4124,4216
4125,4216
4125,4217
4126,4217
4126,4218
4127,4218
4127,4219
4128,4219
4128,4220
4129,4220
4129,4221
4130,4221
4130,4222
4131,4222
4131,4223
4132,4223
4132,4224
4133,4224
4133,4225
4134,4225
4134,4226
4135,4226
4135,4227
4136,4227
4136,4228
4137,4228
4137,4229
4138,4229
4138,4230
4139,4230
4139,4231
4140,4231
4140,4232
4141,4232
4141,4233
4142,4233
4142,4234
4143,4234
4143,4235
4144,4235
4144,4236
4145,4236
4145,4237
4146,4237
4146,4238
4147,4238
4147,4239
4148,4239
4148,4240
4149,4240
4149,4241
4150,4241
4150,4242
4151,4242
4151,4243
4152,4243
4152,4244
4153,4244
4153,4245
4154,4245
4154,4246
4155,4246
4155,4247
4156,4247
4156,4248
4157,4248
4157,4249
4158,4249
4158,4250
4159,4250
4159,4251
4160,4251
4160,4252
4161,4252
4161,4253
4162,4253
4162,4254
4163,4254
4163,4255
4164,4255
4164,4256
4165,4256
4165,4257
4166,4257
4166,4258
4167,4258
4167,4259
4168,4259
4168,4260
4169,4260
4169,4261
4170,4261
4170,4262
4171,4262
4171,4263
4172,4263
4172,4264
4173,4264
4173,4265
4174,4265
4174,4266
4175,4266
4175,4267
4176,4267
4176,4268
4177,4268
4177,4269
4178,4269
4178,4270
4179,4270
4179,4271
4180,4271
4180,4272
4181,4272
4181,4273
4182,4273
4182,4274
4183,4274
4183,4275
4184,4275
4184,4276
4185,4276
4185,4277
4186,4278
4186,4279
4187,4279
4187,4280
4188,4280
4188,4281
4189,4281
4189,4282
4190,4282
4190,4283
4191,4283
4191,4284
4192,4284
4192,4285
4193,4285
4193,4286
4194,4286
4194,4287
4195,4287
4195,4288
4196,4288
4196,4289
4197,4289
4197,4290
4198,4290
4198,4291
4199,4291
4199,4292
4200,4292
4200,4293
4201,4293
4201,4294
4202,4294
4202,4295
4203,4295
4203,4296
4204,4296
4204,4297
4205,4297
4205,4298
4206,4298
4206,4299
4207,4299
4207,4300
4208,4300
4208,4301
4209,4301
4209,4302
4210,4302
4210,4303
4211,4303
4211,4304
4212,4304
4212,4305
4213,4305
4213,4306
4214,4306
4214,4307
4215,4307
4215,4308
4216,4308
4216,4309
4217,4309
4217,4310
4218,4310
4218,4311
4219,4311
4219,4312
4220,4312
4220,4313
4221,4313
4221,4314
4222,4314
4222,4315
4223,4315
4223,4316
4224,4316
4224,4317
4225,4317
4225,4318
4226,4318
4226,4319
4227,4319
4227,4320
4228,4320
4228,4321
4229,4321
4229,4322
4230,4322
4230,4323
4231,4323
4231,4324
4232,4324
4232,4325
4233,4325
4233,4326
4234,4326
4234,4327
4235,4327
4235,4328
4236,4328
4236,4329
4237,4329
4237,4330
4238,4330
4238,4331
4239,4331
4239,4332
4240,4332
4240,4333
4241,4333
4241,4334
4242,4334
4242,4335
4243,4335
4243,4336
4244,4336
4244,4337
4245,4337
4245,4338
4246,4338
4246,4339
4247,4339
4247,4340
4248,4340
4248,4341
4249,4341
4249,4342
4250,4342
4250,4343
4251,4343
4251,4344
4252,4344
4252,4345
4253,4345
4253,4346
4254,4346
4254,4347
4255,4347
4255,4348
4256,4348
4256,4349
4257,4349
4257,4350
4258,4350
4258,4351
4259,4351
4259,4352
4260,4352
4260,4353
4261,4353
4261,4354
4262,4354
4262,4355
4263,4355
4263,4356
4264,4356
4264,4357
4265,4357
4265,4358
4266,4358
4266,4359
4267,4359
4267,4360
4268,4360
4268,4361
4269,4361
4269,4362
4270,4362
4270,4363
4271,4363
4271,4364
4272,4364
4272,4365
4273,4365
4273,4366
4274,4366
4274,4367
4275,4367
4275,4368
4276,4368
4276,4369
4277,4369
4277,4370
4278,4371
4278,4372
4279,4372
4279,4373
4280,4373
4280,4374
4281,4374
4281,4375
4282,4375
4282,4376
4283,4376
4283,4377
4284,4377
4284,4378
4285,4378
4285,4379
4286,4379
4286,4380
4287,4380
4287,4381
4288,4381
4288,4382
4289,4382
4289,4383
4290,4383
4290,4384
4291,4384
4291,4385
4292,4385
4292,4386
4293,4386
4293,4387
4294,4387
4294,4388
4295,4388
4295,4389
4296,4389
4296,4390
4297,4390
4297,4391
4298,4391
4298,4392
4299,4392
4299,4393
4300,4393
4300,4394
4301,4394
4301,4395
4302,4395
4302,4396
4303,4396
4303,4397
4304,4397
4304,4398
4305,4398
4305,4399
4306,4399
4306,4400
4307,4400
4307,4401
4308,4401
4308,4402
4309,4402
4309,4403
4310,4403
4310,4404
4311,4404
4311,4405
4312,4405
4312,4406
4313,4406
4313,4407
4314,4407
4314,4408
4315,4408
4315,4409
4316,4409
4316,4410
4317,4410
4317,4411
4318,4411
4318,4412
4319,4412
4319,4413
4320,4413
4320,4414
4321,4414
4321,4415
4322,4415
4322,4416
4323,4416
4323,4417
4324,4417
4324,4418
4325,4418
4325,4419
4326,4419
4326,4420
4327,4420
4327,4421
4328,4421
4328,4422
4329,4422
4329,4423
4330,4423
4330,4424
4331,4424
4331,4425
4332,4425
4332,4426
4333,4426
4333,4427
4334,4427
4334,4428
4335,4428
4335,4429
4336,4429
4336,4430
4337,4430
4337,4431
4338,4431
4338,4432
4339,4432
4339,4433
4340,4433
4340,4434
4341,4434
4341,4435
4342,4435
4342,4436
4343,4436
4343,4437
4344,4437
4344,4438
4345,4438
4345,4439
4346,4439
4346,4440
4347,4440
4347,4441
4348,4441
4348,4442
4349,4442
4349,4443
4350,4443
4350,4444
4351,4444
4351,4445
4352,4445
4352,4446
4353,4446
4353,4447
4354,4447
4354,4448
4355,4448
4355,4449
4356,4449
4356,4450
4357,4450
4357,4451
4358,4451
4358,4452
4359,4452
4359,4453
4360,4453
4360,4454
4361,4454
4361,4455
4362,4455
4362,4456
4363,4456
4363,4457
4364,4457
4364,4458
4365,4458
4365,4459
4366,4459
4366,4460
4367,4460
4367,4461
4368,4461
4368,4462
4369,4462
4369,4463
4370,4463
4370,4464
4371,4465
4371,4466
4372,4466
4372,4467
4373,4467
4373,4468
4374,4468
4374,4469
4375,4469
4375,4470
4376,4470
4376,4471
4377,4471
4377,4472
4378,4472
4378,4473
4379,4473
4379,4474
4380,4474
4380,4475
4381,4475
4381,4476
4382,4476
4382,4477
4383,4477
4383,4478
4384,4478
4384,4479
4385,4479
4385,4480
4386,4480
4386,4481
4387,4481
4387,4482
4388,4482
4388,4483
4389,4483
4389,4484
4390,4484
4390,4485
4391,4485
4391,4486
4392,4486
4392,4487
4393,4487
4393,4488
4394,4488
4394,4489
4395,4489
4395,4490
4396,4490
4396,4491
4397,4491
4397,4492
4398,4492
4398,4493
4399,4493
4399,4494
4400,4494
4400,4495
4401,4495
4401,4496
4402,4496
4402,4497
4403,4497
4403,4498
4404,4498
4404,4499
4405,4499
4405,4500
4406,4500
4406,4501
4407,4501
4407,4502
4408,4502
4408,4503
4409,4503
4409,4504
4410,4504
4410,4505
4411,4505
4411,4506
4412,4506
4412,4507
4413,4507
4413,4508
4414,4508
4414,4509
4415,4509
4415,4510
4416,4510
4416,4511
4417,4511
4417,4512
4418,4512
4418,4513
4419,4513
4419,4514
4420,4514
4420,4515
4421,4515
4421,4516
4422,4516
4422,4517
4423,4517
4423,4518
4424,4518
4424,4519
4425,4519
4425,4520
4426,4520
4426,4521
4427,4521
4427,4522
4428,4522
4428,4523
4429,4523
4429,4524
4430,4524
4430,4525
4431,4525
4431,4526
4432,4526
4432,4527
4433,4527
4433,4528
4434,4528
4434,4529
4435,4529
4435,4530
4436,4530
4436,4531
4437,4531
4437,4532
4438,4532
4438,4533
4439,4533
4439,4534
4440,4534
4440,4535
4441,4535
4441,4536
4442,4536
4442,4537
4443,4537
4443,4538
4444,4538
4444,4539
4445,4539
4445,4540
4446,4540
4446,4541
4447,4541
4447,4542
4448,4542
4448,4543
4449,4543
4449,4544
4450,4544
4450,4545
4451,4545
4451,4546
4452,4546
4452,4547
4453,4547
4453,4548
4454,4548
4454,4549
4455,4549
4455,4550
4456,4550
4456,4551
4457,4551
4457,4552
4458,4552
4458,4553
4459,4553
4459,4554
4460,4554
4460,4555
4461,4555
4461,4556
4462,4556
4462,4557
4463,4557
4463,4558
4464,4558
4464,4559
4465,4560
4465,4561
4466,4561
4466,4562
4467,4562
4467,4563
4468,4563
4468,4564
4469,4564
4469,4565
4470,4565
4470,4566
4471,4566
4471,4567
4472,4567
4472,4568
4473,4568
4473,4569
4474,4569
4474,4570
4475,4570
4475,4571
4476,4571
4476,4572
4477,4572
4477,4573
4478,4573
4478,4574
4479,4574
4479,4575
4480,4575
4480,4576
4481,4576
4481,4577
4482,4577
4482,4578
4483,4578
4483,4579
4484,4579
4484,4580
4485,4580
4485,4581
4486,4581
4486,4582
4487,4582
4487,4583
4488,4583
4488,4584
4489,4584
4489,4585
4490,4585
4490,4586
4491,4586
4491,4587
4492,4587
4492,4588
4493,4588
4493,4589
4494,4589
4494,4590
4495,4590
4495,4591
4496,4591
4496,4592
4497,4592
4497,4593
4498,4593
4498,4594
4499,4594
4499,4595
4500,4595
4500,4596
4501,4596
4501,4597
4502,4597
4502,4598
4503,4598
4503,4599
4504,4599
4504,4600
4505,4600
4505,4601
4506,4601
4506,4602
4507,4602
4507,4603
4508,4603
4508,4604
4509,4604
4509,4605
4510,4605
4510,4606
4511,4606
4511,4607
4512,4607
4512,4608
4513,4608
4513,4609
4514,4609
4514,4610
4515,4610
4515,4611
4516,4611
4516,4612
4517,4612
4517,4613
4518,4613
4518,4614
4519,4614
4519,4615
4520,4615
4520,4616
4521,4616
4521,4617
4522,4617
4522,4618
4523,4618
4523,4619
4524,4619
4524,4620
4525,4620
4525,4621
4526,4621
4526,4622
4527,4622
4527,4623
4528,4623
4528,4624
4529,4624
4529,4625
4530,4625
4530,4626
4531,4626
4531,4627
4532,4627
4532,4628
4533,4628
4533,4629
4534,4629
4534,4630
4535,4630
4535,4631
4536,4631
4536,4632
4537,4632
4537,4633
4538,4633
4538,4634
4539,4634
4539,4635
4540,4635
4540,4636
4541,4636
4541,4637
4542,4637
4542,4638
4543,4638
4543,4639
4544,4639
4544,4640
4545,4640
4545,4641
4546,4641
4546,4642
4547,4642
4547,4643
4548,4643
4548,4644
4549,4644
4549,4645
4550,4645
4550,4646
4551,4646
4551,4647
4552,4647
4552,4648
4553,4648
4553,4649
4554,4649
4554,4650
4555,4650
4555,4651
4556,4651
4556,4652
4557,4652
4557,4653
4558,4653
4558,4654
4559,4654
4559,4655
4560,4656
4560,4657
4561,4657
4561,4658
4562,4658
4562,4659
4563,4659
4563,4660
4564,4660
4564,4661
4565,4661
4565,4662
4566,4662
4566,4663
4567,4663
4567,4664
4568,4664
4568,4665
4569,4665
4569,4666
4570,4666
4570,4667
4571,4667
4571,4668
4572,4668
4572,4669
4573,4669
4573,4670
4574,4670
4574,4671
4575,4671
4575,4672
4576,4672
4576,4673
4577,4673
4577,4674
4578,4674
4578,4675
4579,4675
4579,4676
4580,4676
4580,4677
4581,4677
4581,4678
4582,4678
4582,4679
4583,4679
4583,4680
4584,4680
4584,4681
4585,4681
4585,4682
4586,4682
4586,4683
4587,4683
4587,4684
4588,4684
4588,4685
4589,4685
4589,4686
4590,4686
4590,4687
4591,4687
4591,4688
4592,4688
4592,4689
4593,4689
4593,4690
4594,4690
4594,4691
4595,4691
4595,4692
4596,4692
4596,4693
4597,4693
4597,4694
4598,4694
4598,4695
4599,4695
4599,4696
4600,4696
4600,4697
4601,4697
4601,4698
4602,4698
4602,4699
4603,4699
4603,4700
4604,4700
4604,4701
4605,4701
4605,4702
4606,4702
4606,4703
4607,4703
4607,4704
4608,4704
4608,4705
4609,4705
4609,4706
4610,4706
4610,4707
4611,4707
4611,4708
4612,4708
4612,4709
4613,4709
4613,4710
4614,4710
4614,4711
4615,4711
4615,4712
4616,4712
4616,4713
4617,4713
4617,4714
4618,4714
4618,4715
4619,4715
4619,4716
4620,4716
4620,4717
4621,4717
4621,4718
4622,4718
4622,4719
4623,4719
4623,4720
4624,4720
4624,4721
4625,4721
4625,4722
4626,4722
4626,4723
4627,4723
4627,4724
4628,4724
4628,4725
4629,4725
4629,4726
4630,4726
4630,4727
4631,4727
4631,4728
4632,4728
4632,4729
4633,4729
4633,4730
4634,4730
4634,4731
4635,4731
4635,4732
4636,4732
4636,4733
4637,4733
4637,4734
4638,4734
4638,4735
4639,4735
4639,4736
4640,4736
4640,4737
4641,4737
4641,4738
4642,4738
4642,4739
4643,4739
4643,4740
4644,4740
4644,4741
4645,4741
4645,4742
4646,4742
4646,4743
4647,4743
4647,4744
4648,4744
4648,4745
4649,4745
4649,4746
4650,4746
4650,4747
4651,4747
4651,4748
4652,4748
4652,4749
4653,4749
4653,4750
4654,4750
4654,4751
4655,4751
4655,4752
4656,4753
4656,4754
4657,4754
4657,4755
4658,4755
4658,4756
4659,4756
4659,4757
4660,4757
4660,4758
4661,4758
4661,4759
4662,4759
4662,4760
4663,4760
4663,4761
4664,4761
4664,4762
4665,4762
4665,4763
4666,4763
4666,4764
4667,4764
4667,4765
4668,4765
4668,4766
4669,4766
4669,4767
4670,4767
4670,4768
4671,4768
4671,4769
4672,4769
4672,4770
4673,4770
4673,4771
4674,4771
4674,4772
4675,4772
4675,4773
4676,4773
4676,4774
4677,4774
4677,4775
4678,4775
4678,4776
4679,4776
4679,4777
4680,4777
4680,4778
4681,4778
4681,4779
4682,4779
4682,4780
4683,4780
4683,4781
4684,4781
4684,4782
4685,4782
4685,4783
4686,4783
4686,4784
4687,4784
4687,4785
4688,4785
4688,4786
4689,4786
4689,4787
4690,4787
4690,4788
4691,4788
4691,4789
4692,4789
4692,4790
4693,4790
4693,4791
4694,4791
4694,4792
4695,4792
4695,4793
4696,4793
4696,4794
4697,4794
4697,4795
4698,4795
4698,4796
4699,4796
4699,4797
4700,4797
4700,4798
4701,4798
4701,4799
4702,4799
4702,4800
4703,4800
4703,4801
4704,4801
4704,4802
4705,4802
4705,4803
4706,4803
4706,4804
4707,4804
4707,4805
4708,4805
4708,4806
4709,4806
4709,4807
4710,4807
4710,4808
4711,4808
4711,4809
4712,4809
4712,4810
4713,4810
4713,4811
4714,4811
4714,4812
4715,4812
4715,4813
4716,4813
4716,4814
4717,4814
4717,4815
4718,4815
4718,4816
4719,4816
4719,4817
4720,4817
4720,4818
4721,4818
4721,4819
4722,4819
4722,4820
4723,4820
4723,4821
4724,4821
4724,4822
4725,4822
4725,4823
4726,4823
4726,4824
4727,4824
4727,4825
4728,4825
4728,4826
4729,4826
4729,4827
4730,4827
4730,4828
4731,4828
4731,4829
4732,4829
4732,4830
4733,4830
4733,4831
4734,4831
4734,4832
4735,4832
4735,4833
4736,4833
4736,4834
4737,4834
4737,4835
4738,4835
4738,4836
4739,4836
4739,4837
4740,4837
4740,4838
4741,4838
4741,4839
4742,4839
4742,4840
4743,4840
4743,4841
4744,4841
4744,4842
4745,4842
4745,4843
4746,4843
4746,4844
4747,4844
4747,4845
4748,4845
4748,4846
4749,4846
4749,4847
4750,4847
4750,4848
4751,4848
4751,4849
4752,4849
4752,4850
4753,4851
4753,4852
4754,4852
4754,4853
4755,4853
4755,4854
4756,4854
4756,4855
4757,4855
4757,4856
4758,4856
4758,4857
4759,4857
4759,4858
4760,4858
4760,4859
4761,4859
4761,4860
4762,4860
4762,4861
4763,4861
4763,4862
4764,4862
4764,4863
4765,4863
4765,4864
4766,4864
4766,4865
4767,4865
4767,4866
4768,4866
4768,4867
4769,4867
4769,4868
4770,4868
4770,4869
4771,4869
4771,4870
4772,4870
4772,4871
4773,4871
4773,4872
4774,4872
4774,4873
4775,4873
4775,4874
4776,4874
4776,4875
4777,4875
4777,4876
4778,4876
4778,4877
4779,4877
4779,4878
4780,4878
4780,4879
4781,4879
4781,4880
4782,4880
4782,4881
4783,4881
4783,4882
4784,4882
4784,4883
4785,4883
4785,4884
4786,4884
4786,4885
4787,4885
4787,4886
4788,4886
4788,4887
4789,4887
4789,4888
4790,4888
4790,4889
4791,4889
4791,4890
4792,4890
4792,4891
4793,4891
4793,4892
4794,4892
4794,4893
4795,4893
4795,4894
4796,4894
4796,4895
4797,4895
4797,4896
4798,4896
4798,4897
4799,4897
4799,4898
4800,4898
4800,4899
4801,4899
4801,4900
4802,4900
4802,4901
4803,4901
4803,4902
4804,4902
4804,4903
4805,4903
4805,4904
4806,4904
4806,4905
4807,4905
4807,4906
4808,4906
4808,4907
4809,4907
4809,4908
4810,4908
4810,4909
4811,4909
4811,4910
4812,4910
4812,4911
4813,4911
4813,4912
4814,4912
4814,4913
4815,4913
4815,4914
4816,4914
4816,4915
4817,4915
4817,4916
4818,4916
4818,4917
4819,4917
4819,4918
4820,4918
4820,4919
4821,4919
4821,4920
4822,4920
4822,4921
4823,4921
4823,4922
4824,4922
4824,4923
4825,4923
4825,4924
4826,4924
4826,4925
4827,4925
4827,4926
4828,4926
4828,4927
4829,4927
4829,4928
4830,4928
4830,4929
4831,4929
4831,4930
4832,4930
4832,4931
4833,4931
4833,4932
4834,4932
4834,4933
4835,4933
4835,4934
4836,4934
4836,4935
4837,4935
4837,4936
4838,4936
4838,4937
4839,4937
4839,4938
4840,4938
4840,4939
4841,4939
4841,4940
4842,4940
4842,4941
4843,4941
4843,4942
4844,4942
4844,4943
4845,4943
4845,4944
4846,4944
4846,4945
4847,4945
4847,4946
4848,4946
4848,4947
4849,4947
4849,4948
4850,4948
4850,4949
4851,4950
4851,4951
4852,4951
4852,4952
4853,4952
4853,4953
4854,4953
4854,4954
4855,4954
4855,4955
4856,4955
4856,4956
4857,4956
4857,4957
4858,4957
4858,4958
4859,4958
4859,4959
4860,4959
4860,4960
4861,4960
4861,4961
4862,4961
4862,4962
4863,4962
4863,4963
4864,4963
4864,4964
4865,4964
4865,4965
4866,4965
4866,4966
4867,4966
4867,4967
4868,4967
4868,4968
4869,4968
4869,4969
4870,4969
4870,4970
4871,4970
4871,4971
4872,4971
4872,4972
4873,4972
4873,4973
4874,4973
4874,4974
4875,4974
4875,4975
4876,4975
4876,4976
4877,4976
4877,4977
4878,4977
4878,4978
4879,4978
4879,4979
4880,4979
4880,4980
4881,4980
4881,4981
4882,4981
4882,4982
4883,4982
4883,4983
4884,4983
4884,4984
4885,4984
4885,4985
4886,4985
4886,4986
4887,4986
4887,4987
4888,4987
4888,4988
4889,4988
4889,4989
4890,4989
4890,4990
4891,4990
4891,4991
4892,4991
4892,4992
4893,4992
4893,4993
4894,4993
4894,4994
4895,4994
4895,4995
4896,4995
4896,4996
4897,4996
4897,4997
4898,4997
4898,4998
4899,4998
4899,4999
4900,4999
4900,5000
4901,5000
4901,5001
4902,5001
4902,5002
4903,5002
4903,5003
4904,5003
4904,5004
4905,5004
4905,5005
4906,5005
4906,5006
4907,5006
4907,5007
4908,5007
4908,5008
4909,5008
4909,5009
4910,5009
4910,5010
4911,5010
4911,5011
4912,5011
4912,5012
4913,5012
4913,5013
4914,5013
4914,5014
4915,5014
4915,5015
4916,5015
4916,5016
4917,5016
4917,5017
4918,5017
4918,5018
4919,5018
4919,5019
4920,5019
4920,5020
4921,5020
4921,5021
4922,5021
4922,5022
4923,5022
4923,5023
4924,5023
4924,5024
4925,5024
4925,5025
4926,5025
4926,5026
4927,5026
4927,5027
4928,5027
4928,5028
4929,5028
4929,5029
4930,5029
4930,5030
4931,5030
4931,5031
4932,5031
4932,5032
4933,5032
4933,5033
4934,5033
4934,5034
4935,5034
4935,5035
4936,5035
4936,5036
4937,5036
4937,5037
4938,5037
4938,5038
4939,5038
4939,5039
4940,5039
4940,5040
4941,5040
4941,5041
4942,5041
4942,5042
4943,5042
4943,5043
4944,5043
4944,5044
4945,5044
4945,5045
4946,5045
4946,5046
4947,5046
4947,5047
4948,5047
4948,5048
4949,5048
4949,5049
